frame,Ankle.R_x,Ankle.R_y,Ankle.R_z,Knee.R_x,Knee.R_y,Knee.R_z,Hip.R_x,Hip.R_y,Hip.R_z,Hip.L_x,Hip.L_y,Hip.L_z,Knee.L_x,Knee.L_y,Knee.L_z,Ankle.L_x,Ankle.L_y,Ankle.L_z,Wrist.R_x,Wrist.R_y,Wrist.R_z,Elbow.R_x,Elbow.R_y,Elbow.R_z,Shoulder.R_x,Shoulder.R_y,Shoulder.R_z,Shoulder.L_x,Shoulder.L_y,Shoulder.L_z,Elbow.L_x,Elbow.L_y,Elbow.L_z,Wrist.L_x,Wrist.L_y,Wrist.L_z,Neck_x,Neck_y,Neck_z,Head_x,Head_y,Head_z,Nose_x,Nose_y,Nose_z,Eye.L_x,Eye.L_y,Eye.L_z,Eye.R_x,Eye.R_y,Eye.R_z,Ear.L_x,Ear.L_y,Ear.L_z,Ear.R_x,Ear.R_y,Ear.R_z,hip.Center_x,hip.Center_y,hip.Center_z
1,-0.13095187,-0.52140373,-0.06951511,-0.076292835,-0.14072789,0.12312162,-0.11491999,0.27270609999999995,0.016281165,0.10875886,0.261356,-0.047339305,0.10116184,-0.15737201,0.00014857563999999998,0.032491572,-0.55378205,-0.17052867,-0.32736459999999995,0.68501186,0.23901227,-0.35964838,0.60965574,0.00762856,-0.11375171,0.7281635000000001,0.02339774,0.17204349,0.7002821,-0.007036066,0.3727656,0.5133339,-0.034733687,0.52463573,0.61164933,0.124129385,0.03685726,0.7665554,0.034836955,0.063346125,0.9696925999999999,0.07268284,0.044367682,0.87789786,0.19527711,0.08382724,0.9136719000000001,0.16326027,0.01866832,0.91992676,0.15601668,0.13040566,0.8900568000000001,0.075594515,-0.01539737,0.9060790999999999,0.059822123,-0.003080565482378006,0.2670310437679291,-0.015529070049524309
2,-0.1268755,-0.51906335,-0.053911217000000004,-0.08151263,-0.13755038,0.14819744,-0.115104035,0.26975095,0.015893076000000003,0.11016427,0.2569938,-0.04741993,0.08942046,-0.16771929,-0.026341798,0.013911931,-0.5665420999999999,-0.20298834,-0.36668748,0.6632945,0.26467258,-0.35713702,0.59192526,0.027347695,-0.11104144,0.7168357,0.03970898,0.17461714,0.6873862,0.0012322739,0.35920095,0.48320827,-0.036224455,0.532416,0.5563895000000001,0.1180223,0.040129814,0.75677156,0.0464728,0.06309033,0.9609771999999999,0.07597698,0.045589805,0.87449884,0.20218953,0.08454113,0.90977144,0.16896221,0.019177862,0.91433287,0.16134612,0.13160574,0.8832687,0.08261353,-0.0137853995,0.8955122999999999,0.0661842,-0.002469882369041443,0.2633723616600037,-0.015763428062200546
3,-0.1268755,-0.51906335,-0.053911217000000004,-0.08151263,-0.13755038,0.14819744,-0.115104035,0.26975095,0.015893076000000003,0.11016427,0.2569938,-0.04741993,0.08942046,-0.16771929,-0.026341798,0.013911931,-0.5665420999999999,-0.20298834,-0.36668748,0.6632945,0.26467258,-0.35713702,0.59192526,0.027347695,-0.11104144,0.7168357,0.03970898,0.17461714,0.6873862,0.0012322739,0.35920095,0.48320827,-0.036224455,0.532416,0.5563895000000001,0.1180223,0.040129814,0.75677156,0.0464728,0.06309033,0.9609771999999999,0.07597698,0.045589805,0.87449884,0.20218953,0.08454113,0.90977144,0.16896221,0.019177862,0.91433287,0.16134612,0.13160574,0.8832687,0.08261353,-0.0137853995,0.8955122999999999,0.0661842,-0.002469882369041443,0.2633723616600037,-0.015763428062200546
4,-0.12819144,-0.5227082000000001,-0.047190132999999995,-0.067705095,-0.13809228,0.13354477,-0.11070741,0.27144450000000003,0.027161084,0.105921976,0.26179796,-0.056408767,0.0946281,-0.15827283,-0.04280581,0.020114532,-0.55841506,-0.20159769,-0.32751167,0.6987178,0.29493254,-0.35724520000000004,0.60432124,0.07092872,-0.11046271,0.72211975,0.05212565,0.17167152,0.69518936,-0.010468889,0.36021972,0.49873936,-0.050344683,0.5151545,0.60894746,0.09514554,0.040628307,0.76322603,0.045254525,0.06731076,0.9684283000000001,0.075576685,0.059259966,0.87940586,0.20104635,0.09565593,0.9151372999999999,0.16542237,0.029994316,0.9200808000000001,0.16303778,0.13585906,0.8901764000000001,0.07506382,-0.010598965,0.90348756,0.070249125,-0.0023927167057991032,0.2666212320327759,-0.014623841270804403
5,-0.12593168,-0.51543194,-0.010359611,-0.06329663,-0.12769260000000002,0.15668197,-0.11269501,0.27102688,0.022280887000000003,0.10670225,0.2599244,-0.05443393,0.10512011,-0.15674055,-0.008761874000000001,0.030312903,-0.55870074,-0.1567959,-0.3259902,0.69301593,0.29718623,-0.36462316,0.6015716,0.073017046,-0.11851682,0.7152767,0.0339571,0.16573583,0.6938258,-0.023847591,0.36666940000000003,0.5113340999999999,-0.07616694,0.54549503,0.59253484,0.061942667,0.032217617999999996,0.75961107,0.027959098999999998,0.055645900000000005,0.96664166,0.058335353,0.053070955,0.8764243,0.18250479,0.087736785,0.9126868,0.14618792,0.02212278,0.9171724,0.14640908,0.12440727,0.8891893,0.05427764400000001,-0.022050603999999998,0.90144885,0.055106077,-0.0029963776469230648,0.2654756307601929,-0.016076521947979927
6,-0.13080826,-0.51450384,-0.037228927,-0.06278313,-0.13217694,0.15022846,-0.11700047599999999,0.27260962,0.014258217,0.10854479,0.26327825,-0.05158332400000001,0.12306473400000001,-0.14651547,0.05174275,0.042979337,-0.54791754,-0.10524344,-0.28015566,0.5936942,0.29144567,-0.34980370000000005,0.5530153,0.05653606,-0.1256475,0.71325314,0.034404002,0.16636679,0.69218624,-0.016838752,0.34921230000000003,0.4884295,-0.078933276,0.5623545,0.505078,0.04101667,0.030543262,0.7606308,0.03477399,0.06100031,0.9666625,0.08797228,0.06793399,0.8598712,0.19783139,0.09995871,0.8996781999999999,0.16264594,0.034969818,0.90621185,0.17132801,0.12538314,0.88845444,0.06496614,-0.020815589,0.9045198,0.08419366,-0.004227843135595322,0.2679439187049866,-0.01866255328059196
7,-0.12922043,-0.5066924,-0.054186054000000004,-0.06565917,-0.13063239999999998,0.13313045,-0.11636206,0.276124,0.015571428,0.10720086,0.26729759999999997,-0.050692577,0.13316806,-0.13527192,0.053235102,0.059392303,-0.53231966,-0.09921128,-0.27860516,0.5794076,0.28614703,-0.34112376,0.55033565,0.050687954,-0.121251106,0.7156501000000001,0.04069446,0.17115165,0.69435585,-0.012733852,0.34858054,0.49363723,-0.092874825,0.556026,0.51102936,0.029777952000000003,0.03602976,0.7647379,0.041231077000000005,0.06666089,0.9734577,0.08959425,0.06766369,0.8706815999999999,0.20375957,0.10154744,0.90934145,0.16885461,0.036193047,0.9159231,0.17362867,0.13261445,0.8943466999999998,0.07293675,-0.014661334,0.91107,0.08354451,-0.004580598324537277,0.2717108130455017,-0.017560575157403946
8,-0.13262839999999998,-0.5061911,-0.09922045,-0.072368205,-0.14109999,0.12261408,-0.117571905,0.2737994,0.014975771,0.10907274,0.26790094,-0.04929223,0.12873179,-0.14725639999999998,0.024985055,0.063368805,-0.54169655,-0.15616882,-0.27372366,0.5576441,0.29461464,-0.33691459999999995,0.53190243,0.056399763,-0.12494988,0.7112082,0.06375442,0.16767645,0.6964978000000001,0.005766910500000001,0.33662313,0.49057390000000006,-0.08424564,0.5287505,0.5216274000000001,0.061554622,0.032124285,0.7629526999999999,0.06538156,0.060008544000000004,0.9695859,0.12198426,0.06296762,0.8624574,0.23261516,0.096239954,0.90312076,0.19881457,0.030613177999999998,0.9085257999999999,0.20411198,0.12723522,0.8920399,0.102191694,-0.020491753,0.905918,0.11393102,-0.004249583929777145,0.27085018157958984,-0.017158228904008862
9,-0.13471054,-0.5116400999999999,-0.029249507999999997,-0.059256773,-0.13148844,0.1502768,-0.11127275,0.27134857,0.02666213,0.10480489,0.26258743,-0.05871923,0.11871921,-0.15314208,-0.0137854805,0.046471357000000005,-0.5533575,-0.16844934,-0.31655854,0.6661411,0.27626124,-0.35275847,0.58351564,0.049880005,-0.11452865599999999,0.7172489000000001,0.042829115,0.1665264,0.69837016,-0.020325016,0.35445479999999996,0.5127107,-0.09552829,0.5008756,0.5995236999999999,0.07129478,0.035996605,0.7617833,0.038774658,0.06471186,0.96589917,0.07602586,0.050946753,0.8732274,0.19814576,0.08901688,0.90954244,0.16510987,0.023621572,0.9153875,0.16035270000000001,0.13227805,0.8869222,0.075576395,-0.013608452,0.90225446,0.06585346,-0.0032339319586753845,0.2669680118560791,-0.016028549522161484
10,-0.14067511,-0.52695936,-0.09388033,-0.09210196,-0.1441821,0.10059557,-0.115545675,0.2762925,0.017586544,0.10928577,0.2652516,-0.0476033,0.11803942,-0.15430476,-0.01885951,0.067259245,-0.55541337,-0.19033343,-0.25930749999999997,0.5806376,0.29281637,-0.31260282,0.5149621,0.061335795,-0.11365057,0.7078683000000001,0.0700095,0.17743137,0.6915482,0.013141581000000001,0.3355647,0.47447836,-0.06838038,0.5333446,0.5071532999999999,0.067724034,0.041986845,0.76119936,0.07127123,0.06254061,0.97017515,0.11825746,0.046006557000000003,0.87139153,0.23549159,0.08464484,0.91072935,0.20587955,0.019104924,0.91421854,0.19784136,0.13457865,0.89361936,0.117674105,-0.01255678,0.9035810999999999,0.10022174,-0.003129951655864716,0.2707720398902893,-0.015008378773927687
11,-0.13418111,-0.5011791,-0.042452045,-0.079724185,-0.12306956,0.1397495,-0.115641385,0.28008330000000004,0.015871342,0.10767035,0.26718017,-0.049625274000000004,0.12578632,-0.13998035,0.028386678999999998,0.07162819,-0.53992873,-0.12422219,-0.22931935,0.58433795,0.28951484,-0.30744484,0.5168562,0.06911309,-0.113607004,0.7109193,0.055872745999999994,0.1778462,0.69527364,-0.006093762,0.34438848,0.48465884,-0.081754774,0.5359156999999999,0.52856696,0.054489404000000005,0.04291338,0.7656474,0.05203747,0.068953305,0.97634494,0.10361851,0.066170275,0.87163794,0.21625999,0.10112278,0.9119199,0.18392122,0.03534415,0.9165890999999999,0.18491954,0.13835806,0.89923394,0.08940884,-0.009696297,0.91195244,0.09189558,-0.003985516726970673,0.273631751537323,-0.01687696576118469
12,-0.122619525,-0.54544735,-0.11288449,-0.0819732,-0.15711753,0.080711536,-0.11459089999999998,0.26899123,0.021581947999999997,0.10966119,0.2622835,-0.047588665,0.105080135,-0.16120112,-0.034484394,0.060225232999999996,-0.5664127,-0.20629066,-0.20685424,0.5830816999999999,0.29251906,-0.32283977,0.5143664000000001,0.08553095,-0.12778758,0.7068823000000001,0.05090513,0.15600419,0.6975726999999999,-0.024059221000000002,0.3199913,0.48326984,-0.098817475,0.49252164,0.5432626,0.058288745999999995,0.023364077999999996,0.76210904,0.040514722,0.04349841,0.9688719000000001,0.10230863,0.032872103,0.8577556000000001,0.20828052,0.06973365,0.90043265,0.18186796,0.0041004876,0.9040636999999999,0.17696229,0.114963494,0.8936950000000001,0.09058012,-0.031350397,0.9042332000000001,0.080601595,-0.0024648532271385197,0.2656373679637909,-0.013003358617424965
13,-0.093294315,-0.5482958,-0.063546516,-0.04615593,-0.15304884,0.11706027,-0.11068263,0.26548022,0.031695325,0.10701559999999999,0.26013875,-0.05880986,0.07865157,-0.16699967,-0.054272957000000004,-0.006403511,-0.5619645000000001,-0.23860577,-0.2681562,0.56004447,0.30996168,-0.33335727,0.5093382000000001,0.07642402,-0.13329002,0.69964707,0.05237112,0.14422894,0.7055038,-0.035148747,0.32921523,0.51885474,-0.12920545,0.51015484,0.5801348000000001,0.020636303,0.012654035,0.7612283000000001,0.03543976,0.018535452,0.9699841,0.08009696,0.015678307,0.8694608,0.19663468,0.049331795,0.91232544,0.16635038,-0.016394326,0.9100089,0.16087556,0.09615172400000001,0.9001781999999999,0.07630852,-0.050184973,0.8977210999999999,0.065234944,-0.0018335133790969849,0.2628094851970673,-0.013557268306612968
14,-0.09340249,-0.50428784,-0.21519582,-0.06656538,-0.14794573,0.0023873926,-0.11243558,0.26980138,0.026488623,0.1071672,0.27192694,-0.039080225,0.07769126,-0.13950719,-0.07583083,0.019992178,-0.50444496,-0.28243592,-0.32071456,0.6444984,0.26717594,-0.36257327,0.5603656,0.049854457000000005,-0.14743394,0.72293365,0.046648398,0.13115957,0.72766167,-0.014328407,0.30258256,0.5471647,-0.1267581,0.46889865,0.6100831,0.019623412,-0.003495467,0.78456146,0.045160472,-0.0035407278000000003,0.99824464,0.07499093,-0.034745857000000005,0.9073087,0.19700874,0.0053445753,0.94813144,0.17168464,-0.057090953,0.9441072,0.15078571,0.072963536,0.9289931,0.09595738,-0.06704442,0.9236143,0.050028107999999995,-0.002634190022945404,0.2708641588687897,-0.006295801140367985
15,-0.056474388,-0.47482109999999994,-0.23271124,-0.049029086,-0.13522834,-0.008497743,-0.11313742,0.27017748,0.028898707000000003,0.10519978,0.27482033,-0.036298115,0.07360232,-0.12593074,-0.07813317,0.018114649,-0.46854967,-0.30096490000000004,-0.26731774,0.71427476,0.2170969,-0.3592187,0.60033745,0.041667968,-0.13308507,0.73738,0.05382168,0.14256227,0.7323581,0.0033207329999999998,0.30959243,0.5481919,-0.10124843,0.38876548,0.6570429,0.07773009,0.009129541,0.79125756,0.057010945,0.009359641,1.0063966999999998,0.07938279,-0.036532782,0.9181348,0.19989015,0.0059097633,0.95890546,0.17855228,-0.053541947,0.95369524,0.15037544,0.08213453,0.9387443999999999,0.111117065,-0.050374842999999996,0.9306363000000001,0.048809223,-0.0039688199758529654,0.2724989056587219,-0.003699704073369503
16,-0.0045362384999999995,-0.4905642,0.047015354,0.034631796,-0.09507439,0.16461967,-0.101843536,0.27616832,0.04560416,0.09439894,0.26944965,-0.074686214,0.057587527,-0.14140972,-0.0616211,-0.07144591,-0.52363586,-0.18915421,-0.27880123,0.6858692,0.26001787,-0.35430834,0.57462084,0.06698839,-0.12964088,0.7237650999999999,0.044946663,0.14931092,0.7207849000000001,-0.044468872,0.32494128,0.52990973,-0.130669,0.4487725,0.6637318,0.008663760999999999,0.017235996,0.7816098000000001,0.024651084,0.017480552,0.99339056,0.036958347999999995,0.010293443000000001,0.91477585,0.16985603,0.04432343,0.95302707,0.13384141,-0.020691961000000002,0.9468173000000001,0.12530904,0.09792042,0.9266360999999999,0.049904685,-0.04828314,0.9169417999999999,0.031097889,-0.003722298890352249,0.2728089690208435,-0.014541028067469597
17,-0.0036469446000000003,-0.43725684,0.15062018,0.05774618,-0.039417400000000005,0.23360762,-0.10268403599999999,0.28129253,0.042047127999999996,0.09253610000000001,0.26130038,-0.07978898,0.06251716,-0.14505102,-0.020448813,-0.075266086,-0.53378105,-0.110232174,-0.3173901,0.7384253000000001,0.28124708,-0.35200736,0.61977804,0.078729495,-0.11100356,0.7289379,0.027342013999999998,0.16671912,0.70936936,-0.062037162,0.35665655,0.52444136,-0.12221419,0.5228437,0.64911634,-0.018825138,0.036416143,0.77551943,0.0026473053999999997,0.043244537,0.98452824,0.005000902,0.04309686,0.91350484,0.14178510000000003,0.075623706,0.9481485999999999,0.10162864,0.010009542,0.9442505999999999,0.098261,0.12148473,0.9154798000000001,0.015524181000000001,-0.026180197000000002,0.91072863,0.008370647,-0.005073968321084976,0.2712964415550232,-0.018870927393436432
18,-0.008968378,-0.4144173,0.18221584,0.06471675,-0.015960362,0.26431259999999995,-0.10561882,0.2795692,0.0372426,0.09421547,0.25624636,-0.079733014,0.076279625,-0.14900410000000003,0.0045401007,-0.054167263,-0.5455663000000001,-0.08298531,-0.2701691,0.73882884,0.2689665,-0.34465343,0.6065271,0.084623486,-0.11450417,0.723073,0.0056593455,0.16343349,0.69807744,-0.08395541,0.34567255,0.49975663,-0.13013752,0.521732,0.61468166,-0.028006209,0.032814767,0.76790434,-0.022343453,0.03967377,0.9765927,-0.020627761,0.038810074,0.90507936,0.11547106,0.07160973,0.93980867,0.075890705,0.006026998,0.93609226,0.07216245,0.1175316,0.90758157,-0.0100506665,-0.029552966,0.90310544,-0.017688772,-0.00570167601108551,0.2679077982902527,-0.021245207637548447
19,-1.719693e-05,-0.36059028,0.24779461,0.07971488,0.04069949,0.30666184,-0.106374316,0.27713197,0.035740398,0.09255846599999999,0.25003347,-0.08479193,0.092640795,-0.15167284,0.02299891,-0.042886503,-0.5564493,-0.02402472,-0.31837615,0.6310600000000001,0.29927638,-0.3593618,0.59683204,0.06146696,-0.12308881,0.7120267,-0.007227216,0.15804765,0.6876263000000001,-0.09087284,0.35160387,0.49488485,-0.11584453,0.5343205,0.58022827,0.010471169,0.025611332,0.7560224,-0.033093274,0.0398531,0.96491826,-0.017593263,0.05447541,0.8807744000000001,0.109479755,0.08314033,0.91694087,0.06863276,0.017853461,0.91770315,0.075447455,0.11184341,0.8909751,-0.025108627999999997,-0.033857107000000004,0.8961218000000001,-0.009710781,-0.006907925009727478,0.263582706451416,-0.02452576532959938
20,-0.031133706,-0.40992504,0.19129373,0.06263626,-0.01723346,0.27077883,-0.10485495,0.27417296,0.037797302000000005,0.093926705,0.25277922,-0.079081684,0.086280495,-0.14872514,0.018247478,-0.036287267000000005,-0.55138284,-0.032534678,-0.34814477,0.66149765,0.2836705,-0.37237513,0.6064986,0.050268377999999996,-0.13518554,0.71161985,-0.015717957,0.1427672,0.70233786,-0.088416256,0.35870440000000003,0.5409075,-0.11246793,0.5170596,0.6416904,0.029420607,0.008045948,0.7602985999999999,-0.035970427,0.007663564,0.9673659,-0.029472888,0.024138842,0.89235777,0.10337451,0.05137827,0.92824197,0.061458665999999995,-0.0139202215,0.9242418,0.06599295,0.085083954,0.89903164,-0.029732056,-0.060514517000000004,0.893716,-0.019380901000000002,-0.005464121699333191,0.26347607374191284,-0.020642191171646118
21,-0.04087366,-0.44199675,0.1689592,0.06862146400000001,-0.04506696,0.24661882,-0.10385001,0.27435207,0.04265734,0.092245035,0.26061599999999996,-0.08340168,0.10542160000000002,-0.14744229999999997,0.007887134,-0.019070275,-0.54694754,-0.092037655,-0.3015387,0.5768072,0.34146285,-0.354429,0.5695434,0.10178132,-0.13890384,0.7138943,0.01766286,0.14037827,0.70602715,-0.07914931,0.33780676,0.51948965,-0.11947013,0.4990476,0.61666936,0.026623946000000002,0.0074271876,0.7674156999999999,-0.013048948999999999,0.014874723999999999,0.9780389000000002,0.005620302,0.02467707,0.89308643,0.1332257,0.05430925,0.93109334,0.094414264,-0.01133672,0.92885184,0.09644389,0.09097271,0.9068511999999999,0.0022362023999999998,-0.0561475,0.905481,0.007603042,-0.005802486091852188,0.26748403906822205,-0.020372169092297557
22,-0.02962517,-0.43863449,0.25189412,0.083303966,-0.025880544,0.27656603,-0.10261053,0.26961297,0.04475871,0.09075104,0.2532139,-0.090968676,0.11708856,-0.16011736,0.0029427290000000003,-0.008199174,-0.56961596,-0.10346955,-0.29129052,0.54300547,0.36831388,-0.3466515,0.5402312,0.12355086,-0.144519,0.6973875,0.019146573,0.1334545,0.68913484,-0.086244255,0.32158354,0.48591647,-0.10372056,0.499813,0.5671461,0.04131296,0.0017383359,0.75124454,-0.01712096,0.018455448,0.95970833,0.022119602000000002,0.040793076,0.8580599,0.13408928,0.066957034,0.8993454,0.096711285,0.0024000164,0.90003204,0.10854049,0.08768995,0.88665545,-0.0014994070000000001,-0.056163736,0.8911294,0.025665775,-0.005929745733737946,0.26141345500946045,-0.023104982450604442
23,-0.016083928,-0.40969279999999997,0.215164,0.10388182,-0.00786869,0.2843297,-0.10204014,0.26666287,0.04738868,0.08853867,0.25244024,-0.09368951,0.1128143,-0.16221882,-0.009289554,-0.014067183,-0.5706179,-0.114758395,-0.30125487,0.5242426,0.33952170000000004,-0.35206354,0.53381157,0.095337495,-0.14594513,0.6957665,0.011317635,0.13265416,0.69160646,-0.08749366,0.33926424,0.50886905,-0.082755744,0.49622489999999997,0.60191965,0.07938317,-0.0012050755,0.7504400999999999,-0.023957537,0.0079880925,0.9592284,0.0043110875,0.03178368,0.86493945,0.12209762,0.057136506,0.9052621,0.08319725,-0.007596734,0.9038289,0.09374495,0.08047842,0.8881210999999999,-0.013613578000000001,-0.06350069,0.8880903,0.010345034,-0.006750736385583878,0.2595515549182892,-0.02315041422843933
24,0.006618972,-0.3366484,0.25043637,0.10940394,0.06102843,0.32219790000000004,-0.10310851,0.26979256,0.04425598,0.08715791,0.24613509,-0.09416363,0.11617636,-0.16254805,-0.010960148999999999,-0.007182622,-0.5750407,-0.08566455,-0.33383358,0.51027876,0.30399922,-0.35359892,0.5518601,0.05990494,-0.13594428,0.6971683000000001,-0.019300394,0.13820411,0.6848514,-0.11542106,0.35645163,0.52058184,-0.12974869,0.4998977,0.62618047,0.033511486,0.007828224,0.74468446,-0.05281257599999999,0.021474708,0.95155066,-0.026576862000000003,0.033619888,0.8579228999999999,0.09362744,0.062886395,0.8975291999999999,0.056892082000000004,-0.0024948688,0.8970693000000001,0.061790787,0.09370223,0.8793806999999999,-0.03752668,-0.050915543,0.88188905,-0.02575621,-0.007975298911333084,0.2579638361930847,-0.024953823536634445
25,0.021715734,-0.32213786,0.2810303,0.093427934,0.08340859,0.33565864,-0.10543468,0.26065385,0.040286447999999996,0.08957154,0.24006811,-0.09156776,0.1303269,-0.1659711,-0.019154185,0.031799192999999996,-0.5828390999999999,-0.10380914,-0.36048952,0.45082740000000004,0.25749916,-0.3588166,0.52712846,0.023966607,-0.13426742,0.6764846999999999,-0.010875646999999999,0.14233966,0.6673272,-0.08861385,0.36220604,0.5088489,-0.07333208599999999,0.4645189,0.63757294,0.10001515,0.009168759,0.72506607,-0.035395324,0.016647499,0.92860234,-0.014271081000000001,0.028368294,0.8390181999999999,0.10783834,0.057379894,0.8784318000000001,0.07154806,-0.007731137,0.87634027,0.07510898,0.08983964,0.8590174,-0.020612389,-0.052700773,0.8583027,-0.012327507,-0.007931567728519441,0.25036096572875977,-0.025640657171607014
26,0.015552753999999998,-0.25898686,0.25408623,0.10839671,0.13197166,0.34029722,-0.10924786,0.2672472,0.036789857,0.08912603,0.24259688,-0.092949554,0.14758629,-0.15525018,0.011334383,0.052642796,-0.5768795999999999,-0.05888049,-0.31650525,0.5031180000000001,0.28348804,-0.34732187,0.54001915,0.040213484,-0.12467845,0.688596,-0.020758513,0.15707347,0.6633768,-0.101593226,0.3523013,0.46893909999999994,-0.094403625,0.5009542,0.5459196999999999,0.08064122,0.023882074,0.73301286,-0.049223956,0.03782891,0.94131047,-0.029413888,0.054046057,0.85072356,0.091714755,0.08211543,0.88927674,0.053089395,0.017087292,0.88937116,0.060863845,0.10862747,0.8687188,-0.04143622,-0.034706224,0.8728341999999999,-0.024058081000000002,-0.01006091758608818,0.2549220323562622,-0.028079848736524585
27,0.037918504,-0.353975,0.21274407,0.121627405,0.042356197000000005,0.30347428,-0.10175596,0.26733470000000004,0.04831136,0.08410432,0.2526409,-0.09571431,0.1367146,-0.15306337,-0.020839846000000002,0.026352597000000002,-0.5632138000000001,-0.114177,-0.27094895,0.5166537,0.30557978,-0.35207403,0.5489509,0.07542460000000001,-0.13755283,0.6979371,-0.0034936164000000003,0.13730238,0.68128765,-0.106948145,0.3342663,0.4908309,-0.1262905,0.47326535,0.57832927,0.04826365,0.008058223,0.7467566999999999,-0.041476376,0.024157023,0.95606714,-0.015650043,0.052396543,0.86125326,0.10035737,0.07643769,0.90090394,0.05999531,0.012582703999999998,0.90114015,0.07448693,0.09307243,0.8832946,-0.037544653,-0.04847726,0.88722646,-0.00521411,-0.008825819939374924,0.2599878013134003,-0.023701474070549008
28,0.010153522,-0.38847333,0.16860254,0.11069717,-0.0011591924,0.276399,-0.10354037599999999,0.26866543,0.04573778,0.08654841,0.25814226,-0.09020658599999999,0.14456889,-0.13773805,0.02460514,0.051538184,-0.55177855,-0.044351898,-0.29136282,0.5639764,0.34013104,-0.35423920000000003,0.578367,0.102117464,-0.14267947,0.70930684,-0.0058894325,0.12594499,0.70023763,-0.11570713,0.34339005,0.54687715,-0.17715162,0.5160085999999999,0.6200123000000001,-0.026284553,-0.0005649440000000001,0.75805897,-0.04563242,0.012597546000000001,0.9669084000000001,-0.025174357,0.039873942999999995,0.8781947,0.09649864,0.06403233,0.9165390999999999,0.05475647,-0.0003633611,0.9157114,0.06706424,0.08449659,0.89474595,-0.042063467,-0.059194088,0.89624494,-0.013875812,-0.008495982736349106,0.2634038329124451,-0.02223440259695053
29,0.02046668,-0.3669664,0.22177049999999998,0.116343364,0.032541484,0.30080727,-0.0999932,0.2698394,0.049554475,0.08370417,0.25075737,-0.09716404,0.12343314,-0.15640418,-0.015807295,0.020838001999999998,-0.5725585,-0.0966007,-0.24673288,0.52788496,0.3362466,-0.33664092,0.56382823,0.10883184,-0.12227648,0.7032484999999999,0.012730967,0.13968731,0.696059,-0.11125812,0.36754346,0.5606165,-0.17776886,0.48876247,0.67701864,-0.0056426246,0.018116325,0.7504221,-0.032914687000000005,0.03656678,0.95614547,-0.0021145218,0.065347016,0.8594347,0.11253273,0.089142434,0.90011954,0.07287312,0.025124634,0.8994290999999999,0.08686955,0.106651254,0.88431895,-0.025233876000000002,-0.035532947999999995,0.8864665999999999,0.00681185,-0.00814451277256012,0.26029837131500244,-0.02380478382110596
30,-0.010045771,-0.43341312,0.19902045,0.09481342,-0.037044756,0.24901605,-0.09548288,0.26761085,0.05229991,0.083651885,0.25050095,-0.09192277,0.12324592,-0.14797083,-0.0006730531,0.01765824,-0.5530144,-0.075522296,-0.28945372,0.5583772,0.31883279999999997,-0.34934953,0.5734509,0.08614941,-0.1261382,0.69806993,0.008470915,0.13628085,0.69645303,-0.09721799,0.37592113,0.59117305,-0.1557828,0.48340259999999996,0.7382236999999999,-0.0076704943000000005,0.012394431000000001,0.7455071,-0.025993664,0.022624747999999997,0.94817203,0.0041538887,0.03891246,0.85509765,0.12393604,0.06635016,0.89571023,0.0876596,0.0013879854000000001,0.89279187,0.09238864,0.09747055,0.87919176,-0.0067471527,-0.04654204,0.87643695,0.005229406,-0.005915496498346329,0.2590559124946594,-0.019811429083347317
31,0.0025740531,-0.40927884,0.20978256,0.11251776,-0.01052272,0.26944572,-0.096477404,0.2700281,0.051997125,0.08279131,0.24934305,-0.09624957,0.11483359,-0.15493065,-0.0013946532,-0.005419068000000001,-0.56356007,-0.07355239,-0.28162685,0.544532,0.34080738,-0.3357567,0.56126916,0.10178842,-0.12080705,0.69970125,0.012105484,0.14389801,0.6969717,-0.10038449,0.38395253,0.57982785,-0.14753896,0.52084726,0.71437746,-0.0027698288,0.018247088,0.74810606,-0.02741913,0.023634037000000004,0.9520728,0.0010927706,0.033694178,0.85955596,0.12198022,0.06270462,0.9009825,0.08741286,-0.0025077946,0.8961904,0.08731954,0.10188101,0.8849094999999999,-0.004770644,-0.043412007,0.87813175,-0.0029819831,-0.0068430453538894645,0.25968557596206665,-0.022126223891973492
32,-0.0037960866,-0.41391292,0.26055893,0.12014354,-0.01091541,0.26705724,-0.0963269,0.27398676,0.052044995,0.082950115,0.24832883,-0.09859712400000001,0.122256346,-0.15044114,0.03154,-0.03210886,-0.5516193,-0.02524791,-0.26614347,0.5507857,0.32475203,-0.33948568,0.5385339,0.08945584,-0.13204449999999998,0.6951552,0.0046820277,0.14169218,0.6865954000000001,-0.10485828,0.34345323,0.5029346,-0.15175529999999998,0.5456340000000001,0.5561763000000001,-0.027590483,0.013048816999999999,0.74759746,-0.033627488,0.024558676,0.95536786,0.0011695467,0.06366411,0.8582889000000001,0.11225655,0.08376318,0.8995804000000001,0.07158189999999999,0.020988725,0.89748734,0.09028945,0.09471672,0.8854457,-0.027902864,-0.04529689,0.88358176,0.0143581405,-0.006688393652439117,0.2611578106880188,-0.023276064544916156
33,-0.0057462575,-0.41670513,0.28548107,0.11207049,-0.0003334314,0.29717657,-0.10118653,0.266869,0.045611627,0.08805621400000001,0.24049017,-0.09661281,0.12546554,-0.16387448,0.043677386,-0.008902272,-0.5866107,-0.010925346,-0.26928833,0.41875097,0.29693013,-0.32916296,0.48879144,0.060449094,-0.13471672,0.6783351,0.0028383434000000003,0.14015625,0.6701242,-0.10319354,0.33151620000000004,0.46986409999999995,-0.14566857,0.5440823,0.4969954000000001,-0.018089828999999998,0.012304563000000001,0.73072106,-0.031701892999999995,0.03622073,0.9326383,0.02217633,0.068630755,0.8209101000000001,0.120110855,0.09147860000000001,0.8649726000000001,0.084308475,0.02893294,0.86543703,0.10376723,0.100059286,0.86199903,-0.015361383999999999,-0.038371548,0.8653931999999999,0.028348751000000002,-0.006565157324075699,0.2536795735359192,-0.025500591844320297
34,-0.00924518,-0.43254966,0.31543332,0.117546484,-0.014056891,0.28802714,-0.099303335,0.26791698,0.05024106,0.08438623,0.24169303,-0.10370093,0.16929226,-0.15160385,0.04939723,0.038606293,-0.57675356,-0.016614504,-0.16922483,0.44007438,0.28815025,-0.31018224,0.47363279999999996,0.07949066,-0.13048217,0.67602324,0.013483868999999999,0.14230666,0.67008555,-0.10152343,0.32668135,0.46162890000000006,-0.14969073,0.4988674,0.49665567,0.027660547,0.016281623000000002,0.7289382,-0.025145711,0.047023892000000005,0.9277173000000001,0.039650314,0.08047022,0.80851144,0.12826574,0.102999404,0.85439456,0.09470196,0.04123561,0.8550118,0.11671527,0.10757072,0.85828376,-0.005523256999999999,-0.029316965,0.8617997,0.044164374000000006,-0.0074585527181625375,0.2548049986362457,-0.02672993391752243
35,-0.053431532999999996,-0.49586588,0.2810728,0.09193884599999999,-0.085195825,0.24366823,-0.08611332,0.25929272,0.06233283,0.074930415,0.23869815,-0.10808422,0.20394762,-0.14559777,0.02306036,0.09366931,-0.5701943,-0.05981363,-0.22052206,0.37771705,0.39448875,-0.29217350000000003,0.47808748,0.16863011,-0.15071674,0.65813446,0.011450751,0.0973572,0.65684944,-0.13855209999999998,0.30956832,0.47887883,-0.16094309,0.50189793,0.49895686,-0.00020153413,-0.01881802,0.7125836,-0.054585077,0.025368031,0.9115796,-0.002771084,0.075943016,0.7911991999999999,0.07180971,0.09047984,0.83650655,0.03470196,0.03706126,0.83868927,0.071544334,0.06829479,0.8423773999999999,-0.061005525,-0.048900887000000004,0.8487121999999999,0.020331487,-0.005591452121734619,0.2489954382181168,-0.022875692695379257
36,-0.07381747,-0.48340324,0.26830038,0.09021963,-0.08572282,0.23841274,-0.082201146,0.26004785,0.06577189,0.071888596,0.23975448,-0.110368446,0.20154296,-0.14292717,0.011784685,0.07222605,-0.55527776,-0.073895164,-0.25609577,0.43478042,0.45036188,-0.29209667,0.51957166,0.21249595,-0.13449554,0.6621788000000001,0.034905933,0.10166165,0.6631956,-0.12999389,0.32142459999999995,0.5124472,-0.20066103,0.5179655,0.5475236,-0.053429107999999996,-0.007510651,0.7151163,-0.03720757,0.032070164,0.9163,-0.0005861504,0.09362394,0.8057664999999999,0.08136001,0.103489235,0.84823173,0.03953261,0.052362673,0.8512361999999999,0.07943063,0.07518501,0.8442421999999998,-0.054693658,-0.037028,0.8524507,0.03306503,-0.005156274884939194,0.2499011754989624,-0.02229827642440796
37,-0.041333355,-0.46351576,0.29651700000000003,0.1178087,-0.06548958,0.24806517,-0.08184667,0.26150500000000004,0.067187026,0.0697289,0.23947045,-0.11320214,0.20245326,-0.14182229999999998,0.010610438,0.090216264,-0.56012374,-0.07672213,-0.23962173,0.49975920000000007,0.46995744,-0.28504422,0.5533578,0.22448018,-0.12437184,0.6722083000000001,0.03357356,0.10934749,0.6598018,-0.13313133,0.31820184,0.4907214,-0.19543742,0.50994647,0.5202289999999999,-0.041053265,0.0024250858,0.7173818000000001,-0.04012689,0.041872114,0.9181153000000001,-0.005577537,0.10247089,0.8092736999999999,0.08014204,0.113081954,0.8510844999999999,0.03774380000000001,0.06084822,0.85432035,0.076378874,0.08702604,0.84520626,-0.057618447,-0.02746895,0.8540327,0.027711205,-0.006058882921934128,0.25048774480819697,-0.023007556796073917
38,-0.04158437,-0.4595259,0.28712747,0.12066033,-0.060690932,0.25097620000000004,-0.0825565,0.26381946,0.06675202,0.07035706,0.23914886,-0.11380137,0.19428927,-0.14532208,0.014927922,0.07199457,-0.5639249,-0.0627132,-0.27792475,0.43597478,0.43506506,-0.29439679999999996,0.5246104,0.19524905,-0.12834322,0.67122996,0.02810268,0.10861803,0.6675194000000001,-0.13727229999999999,0.32006064,0.50419796,-0.20773193,0.5151041000000001,0.5295933,-0.05499409,-0.00028999335999999997,0.72209626,-0.044447402999999996,0.028277956,0.925578,-0.018331856,0.09834794,0.82530767,0.07165712,0.10508603,0.8657754999999999,0.026805587000000002,0.05345074,0.86733127,0.06659708,0.07762507,0.85311186,-0.06773658,-0.035915874,0.8584254000000001,0.019973911,-0.006099719554185867,0.2514841556549072,-0.02352467551827431
39,-0.047076423,-0.43028808,0.27714226,0.12843119,-0.04111663,0.25671378,-0.08421226,0.2702133,0.066051334,0.06986065,0.24598901,-0.11522152,0.19936723,-0.12994842,0.03265187,0.04298565,-0.5300913,-0.054565612,-0.19334307,0.47003009999999995,0.42499563,-0.293373,0.50932765,0.19636974,-0.1528317,0.6749295999999999,0.022889236,0.08137103,0.6884380999999999,-0.1563618,0.29173547,0.52995956,-0.24241632,0.4612186,0.5923729999999999,-0.076575756,-0.029782692000000003,0.7386168000000001,-0.057720654,-0.018640868,0.94904137,-0.04658226,0.06289594,0.86276335,0.049490064,0.064567626,0.8999877000000001,0.0008842796000000001,0.013764277,0.90021116,0.04216879,0.03644664,0.8765482,-0.09218692,-0.07660992,0.8791896999999999,-0.00078724325,-0.0071758031845092765,0.2581011652946472,-0.024585094302892685
40,-0.006491659,-0.44264263,0.24096473,0.16382897,-0.048820794,0.22177964,-0.07698404,0.26855284,0.07519469,0.061413705,0.25363508,-0.12140321,0.18574156,-0.13826258,-0.0048425575,0.021489027999999997,-0.53250355,-0.1144839,-0.064146295,0.41613296,0.45247029999999994,-0.21595421,0.47802442,0.2558632,-0.13086137,0.6729748000000001,0.07392223,0.09384628,0.7004312,-0.12240009,0.311498,0.54011494,-0.18965071,0.45930153,0.5741608,0.007880377,-0.01486039,0.74550533,-0.015742166000000002,-0.0011544235,0.9574645,0.009782681,0.08540353,0.8624818999999999,0.09190859,0.08401893,0.9037153,0.04613124,0.036352723999999996,0.90092885,0.09119056,0.049074713,0.888293,-0.046958915999999996,-0.057450954000000005,0.88424665,0.053490777,-0.007785167545080184,0.2610939741134644,-0.023104261606931686
41,-0.012591353999999999,-0.4467231,0.19019885,0.17151344,-0.062612794,0.20075397,-0.07309294,0.2641837,0.07774353,0.05995895,0.25396420000000003,-0.11998674,0.16025646,-0.1478455,-0.018820046,-0.0040871077,-0.5448474,-0.10853247,-0.1292325,0.40696833,0.43692082,-0.26758987,0.4872535,0.23958163,-0.16368598,0.6706119,0.056659087999999996,0.06128736,0.6988998000000001,-0.13759103,0.28882754,0.55225223,-0.20109946,0.44914392,0.5933778000000001,-0.016846233999999998,-0.05041837,0.7436148,-0.03446419,-0.05235769,0.95633614,-0.021052783,0.043807402,0.8734728999999999,0.063361645,0.037774704,0.91153824,0.015378366999999999,-0.0077585913,0.9081609,0.06229054,0.001078628,0.88769776,-0.07459824,-0.10100193,0.88238513,0.028980695,-0.006566993892192841,0.259073942899704,-0.021121606230735782
42,0.022440428,-0.46051052,0.17121,0.18604599,-0.06791437,0.17969215,-0.06722388,0.25553882,0.08314557,0.05427741,0.25935210000000003,-0.12175610000000002,0.1587027,-0.14577603,-0.061486583,0.028895217999999997,-0.54956734,-0.16995384,-0.04780649,0.572163,0.526633,-0.21669975,0.56540316,0.33817577,-0.13880309999999998,0.67795736,0.09866203,0.05887077,0.7007857,-0.114344776,0.27621907,0.56874156,-0.21939284,0.43855249999999996,0.61333,-0.041763704,-0.03790696,0.74185777,0.0006646826,-0.03692373,0.95020354,0.021178445,0.052667834000000004,0.8644603000000001,0.10957646,0.05045299599999999,0.90431064,0.06296222,0.0012598522,0.8989582,0.10578215,0.020822506,0.88396555,-0.031011261000000002,-0.08829333,0.8746605,0.06418593,-0.006473233923316003,0.25744545459747314,-0.019305266439914703
43,0.059133227999999996,-0.4834012,0.15451308,0.18013301,-0.07430209,0.1714852,-0.071990505,0.25348482,0.080248296,0.05990685,0.25797775,-0.117371425,0.15859415,-0.1478155,-0.04851246,0.033556145,-0.55360067,-0.15483937,-0.123867065,0.49459583,0.49373975,-0.26814790000000005,0.5369748000000001,0.29051343,-0.15857738,0.6733693000000001,0.07761121,0.061816387,0.6981076,-0.11140279,0.29575834,0.5742507,-0.18555301,0.45301312,0.6252538000000001,-0.0040125297,-0.046373292999999996,0.73865336,-0.008787337,-0.04078467,0.9472395,0.014471537,0.04238315,0.856527,0.103671685,0.043153897000000004,0.89708436,0.057843197,-0.007253185,0.8930968,0.09917267,0.015533149,0.87976754,-0.036777817000000004,-0.09636431,0.87329155,0.054687183,-0.00604182668030262,0.2557312846183777,-0.01856156438589096
44,0.042591304,-0.45845807,0.18516006,0.18681182,-0.05548957,0.20057882,-0.07725351,0.2558497,0.07641314,0.062337115,0.25333285,-0.11809068,0.18691304,-0.14058189,-0.013777343999999999,0.064563334,-0.552451,-0.11148801400000001,-0.16167562,0.484274,0.47780722,-0.28410175,0.5262361999999999,0.25936234,-0.15924539999999998,0.6725083000000001,0.059454437,0.06201625,0.6898746,-0.13048841,0.27903253,0.5452528,-0.22210373,0.45429430000000004,0.5914741,-0.055052172,-0.04475566,0.7355105,-0.026892832999999998,-0.040643364,0.9440281999999999,-0.010096441999999999,0.040982317000000004,0.85786235,0.085254125,0.042745117,0.8968041999999999,0.03798489,-0.009077024,0.89350796,0.07773838,0.018526103000000002,0.8757008,-0.056830272,-0.09622772,0.87061346,0.03106438,-0.007458198815584183,0.2545912861824036,-0.02083877101540565
45,0.04589632,-0.46434224,0.09172164,0.17435202,-0.06938573,0.1774213,-0.081425175,0.25369325,0.07346862,0.06971851,0.26682740000000005,-0.108496435,0.1300113,-0.14909227,-0.050685506,0.015281787,-0.5473126,-0.18857211,-0.12872252,0.46615264,0.45474026,-0.2897066,0.5095101,0.266673,-0.18714319,0.67661834,0.072147086,0.03260142,0.71407056,-0.12042068,0.24271843,0.57876146,-0.23484770000000002,0.3949351,0.6092181999999999,-0.04811012,-0.07643789999999999,0.75137377,-0.013583817,-0.083155215,0.9626972,0.0037040398,-0.008438051,0.8794371,0.10781917,-0.003531687,0.9190511999999998,0.060534455,-0.05942886,0.91271996,0.09418090400000001,-0.015184093000000001,0.89716476,-0.037226968,-0.13973494,0.88565046,0.03768649,-0.005853332579135896,0.2602603435516357,-0.017513908445835114
46,0.07946386,-0.47003835,0.06860071400000001,0.14845498,-0.06898029,0.16928870000000001,-0.08426955,0.25965706,0.07071205,0.07359293,0.2819761,-0.10134948,0.06985638,-0.13565993,-0.124983944,-0.0902322,-0.4888388,-0.3111301,-0.19055428,0.3857173,0.35662547,-0.339499,0.47228852,0.17944235,-0.21454898,0.6903834,0.07351582,0.02129811,0.75064605,-0.09513302,0.22088885,0.6128663000000001,-0.21746811,0.35320409999999997,0.6246577,-0.018505141,-0.095129564,0.77859825,0.0070883413,-0.10789662,0.99210167,0.02978917,-0.04156199,0.9070513000000001,0.14009370000000002,-0.033264413,0.9481421999999998,0.09374821,-0.09234384400000001,0.9395393,0.121381484,-0.033170592,0.92835367,-0.00614167,-0.16683076,0.911546,0.055805575,-0.005338311195373535,0.2708165645599365,-0.01531871408224106
47,0.11811405400000001,-0.44011626,0.14303437,0.11926626,-0.03502474,0.23457150000000002,-0.10072294,0.25590417,0.050525397,0.08855385,0.26925027,-0.08399734,0.08675622,-0.14642148,-0.07499616,-0.039231326000000004,-0.52970994,-0.21807805,-0.21982905,0.54077303,0.3310853,-0.36722592,0.5111992999999999,0.14048533,-0.21309526,0.6849841999999999,0.011429393000000001,0.043452132000000004,0.7293208000000001,-0.10457592,0.26035035,0.5979614000000001,-0.19676515,0.39719972,0.65258753,-0.013604618999999998,-0.08538630000000001,0.7608578,-0.029758621000000002,-0.09823927,0.9704763000000001,-0.0039572515999999995,-0.053880855,0.8814103999999999,0.11256691,-0.03664649,0.9232978999999999,0.070576794,-0.09951763,0.91544557,0.087251835,-0.020682108,0.90689933,-0.027632937000000003,-0.16127303,0.89203405,0.009514675,-0.006084542721509934,0.26257723569869995,-0.016735970973968506
48,0.024035087000000004,-0.49521935,0.10865839999999999,0.05738962,-0.09063333,0.19054641,-0.108764455,0.25196599999999997,0.03621331,0.09693943,0.26789486,-0.06862027,0.13811736,-0.13729744,0.0064255553,0.032640688,-0.51457953,-0.15070884,-0.29452990000000007,0.5662291,0.25684887,-0.37581748,0.4666903,0.057667904000000006,-0.21271168,0.66465306,0.0020518834,0.05503936,0.72894645,-0.050484947999999995,0.2943191,0.6273963,-0.11826396,0.43738872,0.70608324,0.04828501,-0.08439572,0.74797285,-0.0016569018,-0.109159924,0.95137626,0.032806999999999996,-0.07809612,0.8605629000000001,0.15199228,-0.05683005,0.9041611999999999,0.114806205,-0.120848045,0.8937276,0.12197962400000001,-0.027046489,0.8918071,0.019563735,-0.16995786,0.870977,0.03567871,-0.005912512540817261,0.259930431842804,-0.01620348170399666
49,0.008237879,-0.4547192,0.13462909,0.038637817000000005,-0.05672504,0.24673322,-0.11681927,0.24901030000000002,0.022880845,0.102532834,0.26622745,-0.06422002,0.16769779,-0.12604436,0.06953895,0.05488437,-0.46616796,-0.15661943,-0.27001372,0.5675089,0.32061696,-0.37476709999999996,0.48236704,0.12006179,-0.20728849,0.6575493,0.011303246999999999,0.06285407400000001,0.7189898,-0.0481509,0.30899499999999996,0.6308083999999999,-0.118138194,0.45470986,0.6961188,0.056033768,-0.07855281,0.73834455,0.0017460734,-0.1050884,0.9419412,0.046719443,-0.08403939,0.84108555,0.15901247,-0.059690035999999995,0.88748467,0.12824714,-0.12410979,0.87689614,0.12880883,-0.022161946000000002,0.883603,0.034932524,-0.16560644,0.8621716999999999,0.037124977,-0.007143218070268631,0.25761887431144714,-0.02066958695650101
50,-0.007836069000000001,-0.45923713,0.18206127,0.03664098,-0.048510544,0.2830317,-0.11838101,0.24631399,0.021766316,0.09981123,0.25890583,-0.079532415,0.24848446,-0.02365729,0.19488095,0.15101072,-0.41095,0.037572302,-0.31152886,0.5063906,0.35594442,-0.38254429999999995,0.47807086,0.11785933400000001,-0.20159283,0.6448575,-0.006344923000000001,0.06821211,0.6945691999999999,-0.094754554,0.31486768,0.6064885999999999,-0.17690009,0.43338916,0.65059865,0.030781314,-0.06780368,0.7205479,-0.032179356,-0.06523856,0.92467743,0.02380951,-0.032443114,0.81381637,0.121491835,-0.010017640999999999,0.8593223,0.08849271,-0.07351451,0.8558574000000001,0.10339964,0.004418999,0.85974014,-0.009967543,-0.13614829,0.853052,0.023521349,-0.009284887462854384,0.25260990858078003,-0.028883049264550213
51,-0.048119172,-0.46720254,0.19902837,0.030345333999999998,-0.05420977,0.28554252,-0.11786245,0.24545397,0.023145616,0.09947255,0.25365615,-0.08275692,0.2589514,-0.017835538999999997,0.19603556,0.17780410000000002,-0.42239560000000004,0.061246887,-0.33129436,0.5031051999999999,0.3661235,-0.38057297,0.46969268,0.121380106,-0.1960914,0.6367964,-3.4043565e-05,0.07374263,0.68863213,-0.08531643,0.32818854,0.610693,-0.15618718,0.45924067,0.66497105,0.04467606,-0.06174976,0.712394,-0.02409263,-0.054228387999999995,0.91407704,0.03471559,-0.013178222,0.8016913,0.12694776,0.006421610699999999,0.8472985999999999,0.09261033,-0.055259682000000004,0.84432125,0.11386219,0.010581024,0.84928036,-0.006300509,-0.1258125,0.84332436,0.040762282999999996,-0.009194947779178621,0.2495550513267517,-0.029805652797222137
52,-0.059865404000000004,-0.4687169,0.13844779999999998,0.0089198565,-0.06957728,0.27067979999999997,-0.12023084,0.24189523,0.017603308,0.101807155,0.26029557,-0.07420227,0.2492848,-0.03072827,0.1839749,0.20979041,-0.44686618,0.06610522,-0.35073236,0.47935092,0.35647896,-0.39349312,0.45595914,0.11064837,-0.20403770000000002,0.6326809,0.015562797,0.06874231,0.69360435,-0.051390585,0.32359934,0.6163055000000001,-0.12133648,0.45392781,0.6713485,0.07774957,-0.07057921,0.713007,0.0039077783,-0.07593325,0.91376704,0.066570394,-0.033661764,0.8027648000000001,0.1603311,-0.014825836,0.8498492,0.12742496,-0.07727179,0.8433828000000001,0.14539975,-0.0056561977,0.85255146,0.028791375,-0.14387742,0.8395405,0.06866204,-0.009211841970682144,0.2510954141616821,-0.028299480676651
53,-0.06997869999999999,-0.4388562,0.13549966,0.024777127000000003,-0.05386689,0.2730078,-0.11873447,0.24547575,0.021953702000000002,0.09867428,0.26581046,-0.07594110000000001,0.25140104,-0.05182752,0.13862668,0.21166614,-0.46612102,0.026900556000000003,-0.30440813,0.49590936,0.3251153,-0.38562304,0.44955105,0.09694399,-0.21050265,0.6404324,0.01328302,0.06113971,0.7089198,-0.050161455,0.31439516,0.63840556,-0.12488183,0.41351143,0.69952947,0.085088596,-0.078152254,0.7248836999999999,0.0041903127000000005,-0.08655984,0.92787856,0.06037527,-0.040386807000000004,0.8219324,0.15892798,-0.023287087999999997,0.8680704,0.12323351,-0.0852824,0.86104715,0.14257526,-0.015254743000000001,0.86598206,0.024151212999999998,-0.15333083,0.8520603000000001,0.06704224,-0.010030094534158708,0.2556430995464325,-0.026993699371814728
54,-0.09221312,-0.46227133,0.10637355,-0.009000938,-0.07763074,0.24138364,-0.118049055,0.24936688,0.021543361,0.09892631,0.26894270000000003,-0.069648415,0.25035164,-0.06341902,0.10538713,0.22735181,-0.46709433,-0.030516803,-0.31339616,0.5158312,0.3085553,-0.38293976,0.45990518,0.08290896,-0.1985537,0.6485835,0.018850176,0.07719752,0.70876324,-0.0385565,0.3280385,0.6333044,-0.11627581,0.4343874,0.7015712,0.08454065,-0.06261498,0.7308776,0.013680838,-0.06318234,0.9368534,0.06842219,-0.018957458,0.8301096,0.16702318,-0.0009923875,0.87531275,0.13062467,-0.06267492,0.87078524,0.15129445,0.0047485083,0.8719968000000001,0.03152523,-0.13291657,0.8639128,0.07694571,-0.009561371058225632,0.2591547966003418,-0.02405252680182457
55,-0.09678935,-0.50202805,-0.065078706,-0.034924984,-0.13893127,0.13346592,-0.117396265,0.25225672,0.023997417000000004,0.09987688,0.28058496,-0.059949964,0.24137053,-0.07303627,0.07567403,0.2429761,-0.46050050000000003,-0.100762986,-0.2863805,0.5268457,0.33960009999999996,-0.37240416,0.4620661,0.1219797,-0.19763899,0.6606225,0.05337408,0.08135461,0.72031033,-0.01187006,0.3270403,0.6289785,-0.09776482,0.44394818,0.6850876,0.10169855,-0.06016171,0.74585414,0.045781195,-0.06558143,0.95459247,0.10721411,-0.020708807,0.84573424,0.20457703,-0.003108181,0.8928734,0.16950016,-0.06543055,0.8858024999999999,0.1881391,0.006262265,0.89239156,0.06954354,-0.13365309,0.87891626,0.110678494,-0.008759692311286926,0.266420841217041,-0.017976272851228714
56,-0.084493905,-0.49087512,-0.08727962,-0.018894988999999997,-0.13979173,0.12184614,-0.11602372,0.25114915,0.02700644,0.098731615,0.27952358,-0.060817286,0.22912651,-0.06855919,0.09192712,0.22036645,-0.44488192,-0.09523181,-0.19718975,0.5942295,0.38076,-0.33017302,0.49100396,0.20904917,-0.18521419,0.66829926,0.07177254,0.08565724,0.7170036,-0.020876367,0.31921318,0.6130554,-0.11767269999999999,0.44911957,0.7009715999999999,0.056137,-0.050167437999999995,0.74803066,0.045722432,-0.053665303,0.9587771999999999,0.08892921,-0.0019518062,0.86049926,0.19396798,0.013117738,0.90418434,0.15368612,-0.048025955,0.8982735000000001,0.17626798,0.016830556,0.8940326,0.053880415999999993,-0.120081455,0.8832462999999999,0.10378918,-0.008646052330732346,0.2653363645076752,-0.016905423253774643
57,-0.14195259,-0.4921625,-0.17345339,-0.062805116,-0.15414765,0.05337723,-0.11107679,0.2535408,0.0360001,0.09853091,0.28421816,-0.055627222999999996,0.21514617,-0.09803446,-0.010408118000000001,0.23691723,-0.45850414,-0.22865781,-0.029273799,0.6316354999999999,0.46240370000000003,-0.22479123,0.55595404,0.33509985,-0.17243662,0.687017,0.11212371,0.07305083400000001,0.72162503,-0.034235418,0.27828872,0.57899135,-0.14293718,0.43908057,0.6556984,0.008717156,-0.050482564,0.7615384,0.053758400000000005,-0.051093847000000005,0.97657764,0.09570332,-0.006010119,0.87451446,0.20103191,0.011567033999999999,0.91927433,0.16252992,-0.050937064000000004,0.91344064,0.18132688,0.020891476000000003,0.91140544,0.061822437,-0.11888746,0.9010722,0.104204096,-0.006272938102483749,0.2688794732093811,-0.009813562035560608
58,-0.13297746,-0.4874918,-0.15230186,-0.044884045,-0.1524039,0.07806677,-0.11239593,0.25619426,0.034375355,0.09828422,0.28285340000000003,-0.061382417,0.22351277,-0.08422133,0.04941749,0.21558928,-0.44831306,-0.16344777,-0.016702855,0.6373449999999999,0.46267208,-0.22304195,0.5768863000000001,0.33990476,-0.15893799,0.692364,0.110361695,0.09446501,0.7172868,-0.029494442000000003,0.31711036,0.58086556,-0.10854960000000001,0.47255552,0.6541239999999999,0.05514833,-0.032012776,0.76000047,0.055017475,-0.023511677999999998,0.9711370999999999,0.11297367,0.016605787,0.8586703000000001,0.20805432,0.036297146,0.9054474,0.17353322,-0.026384118999999998,0.9009693000000001,0.19197324,0.04564197,0.90607333,0.07247332,-0.09496435,0.8983046999999998,0.11478114,-0.007055852562189101,0.26952382922172546,-0.013503530994057657
59,-0.17013429,-0.44885138,-0.24001542,-0.09839061,-0.15086775,0.041544735,-0.11714652,0.26525918,0.021058692,0.10513452,0.28486818,-0.044809237,0.19995445,-0.100408845,0.04178376,0.20786539,-0.43592206,-0.21478961,0.04952022,0.68992686,0.4264814,-0.18124452,0.63411266,0.35136217,-0.15132312,0.7171208,0.10373752,0.10772445,0.71969813,-0.031524077000000005,0.3173368,0.5512946999999999,-0.07759224,0.43076885,0.6378465999999999,0.11082910000000001,-0.020934206,0.77597356,0.047268476,0.005198106599999999,0.98960435,0.10715996,0.033005685,0.87091005,0.19994432,0.057578065,0.9162203999999999,0.16570735,-0.0053512156000000005,0.91824603,0.18459058,0.06671075,0.91810435,0.06423013,-0.07493332,0.9242699000000001,0.106911466,-0.006006002426147461,0.275063693523407,-0.01187527272850275
60,-0.16170035,-0.43745095,-0.13756812,-0.07230276,-0.13652624,0.131419,-0.11926064,0.26211065,0.016867721000000002,0.10539109,0.27883932,-0.05408047,0.20611055,-0.06411898,0.13282146,0.21029611,-0.4117972,-0.10237926,0.067103945,0.6943536,0.42298606,-0.16096967,0.61842656,0.3589643,-0.13726342,0.70130986,0.111275434,0.11511315400000001,0.70389193,-0.033123195,0.31946695,0.5384314,-0.100583084,0.43767280000000003,0.63942164,0.07665369,-0.00865145,0.75815225,0.052283435999999996,0.023780412999999997,0.96669626,0.11588272,0.048482075,0.8463461999999999,0.20565045,0.07438721,0.8911344000000001,0.17256896,0.011695676,0.89466316,0.19176644,0.0827802,0.8949282,0.0717763,-0.05756472,0.9040643,0.11551162599999999,-0.006934773176908493,0.2704749703407288,-0.01860637590289116
61,-0.18693297,-0.4369315,-0.12929365,-0.08161949,-0.13189371,0.13002257,-0.11851386,0.26885846,0.01901643,0.10559980000000001,0.27931264,-0.056403812000000005,0.20455316,-0.06571487,0.1275071,0.18703517,-0.40511240000000004,-0.11763184,0.06817324,0.7131124,0.40299246,-0.16395034,0.6413938,0.35086554,-0.12524867,0.71705043,0.10317165,0.13073010000000002,0.7106256,-0.037817052999999996,0.3417307,0.5511726,-0.10005744,0.43156946,0.666563,0.08489735400000001,0.00796718,0.76790714,0.046140336,0.05646156,0.9737991,0.11378958,0.077861235,0.8488935,0.19868003,0.104763374,0.89293265,0.16508755,0.04360432,0.9001045,0.1882189,0.107643805,0.8995141,0.06389446,-0.029857248,0.91659164,0.11623536,-0.006457030773162842,0.27408555150032043,-0.01869369111955166
62,-0.19513749,-0.44613743,-0.15645511,-0.08958158,-0.13611132,0.09805821,-0.11706719,0.2745219,0.022280816000000002,0.10520897,0.28025538,-0.055083614,0.19999355,-0.08242528,0.090539895,0.18340420000000002,-0.42183590000000004,-0.157356,0.037324063,0.6937398,0.41911640000000006,-0.18885948,0.6306968000000001,0.34040305,-0.11261608,0.7264156999999999,0.10837817,0.14841431,0.71324694,-0.026066338999999997,0.34765995,0.54493004,-0.10477192,0.46796212,0.6539866999999999,0.065999374,0.027264055,0.7740402,0.05819568,0.08318828,0.976979,0.13269055,0.10521081,0.8485520000000001,0.21309027,0.13162984,0.8932863999999999,0.17960908,0.07150142,0.9008558000000001,0.20531094,0.13130718,0.9031277,0.07833132,-0.0047370717,0.9210093,0.13639551,-0.0059291087090969094,0.2773886322975159,-0.016401398926973343
63,-0.18707691,-0.44620126,-0.17028266,-0.082139924,-0.14434227,0.09712338400000001,-0.11572431,0.2704667,0.025479201,0.10397229999999999,0.27666113,-0.059948966,0.20103684,-0.073245615,0.11733373,0.18261136,-0.43241292,-0.10340877,0.096889436,0.68215466,0.41564809999999996,-0.1377804,0.6306449000000001,0.34891516,-0.10243154,0.7238399999999999,0.10610402,0.14261974,0.70614666,-0.050448477,0.33853215,0.5335098,-0.1259606,0.47240797,0.64414644,0.03550783,0.030681227999999998,0.76810163,0.041905097999999995,0.10204649,0.9667019,0.10919443,0.12981093,0.83621895,0.18370268,0.15313834,0.88028944,0.14746428,0.09776977,0.8898228000000001,0.1817478,0.13810886,0.8923708,0.04814501,0.013417803,0.9143601999999998,0.12508598,-0.005876004695892334,0.2735639214515686,-0.01723488233983517
64,-0.18837486,-0.44957125,-0.14198843,-0.077250704,-0.13645670000000001,0.110471696,-0.115977466,0.277376,0.023511007,0.10439301,0.27630734,-0.059993405,0.18876357,-0.07007101,0.13191304,0.16282408,-0.44139338,-0.06840464,0.06314552,0.6367395,0.3857874,-0.16881298,0.60021955,0.30465679999999995,-0.10096702,0.7325008000000001,0.088146865,0.15304656,0.70846486,-0.058167234000000005,0.32218105,0.5077827,-0.12846167,0.4565814,0.61237603,0.0359765,0.039578162,0.77595234,0.03114328,0.11530739,0.9717667999999999,0.10775659,0.13038555,0.838483,0.18150803,0.15871431,0.8821684000000001,0.14821555,0.10085834,0.8937083,0.17762572,0.15357620000000002,0.89677393,0.047815286,0.022934556000000002,0.9230859,0.11435757,-0.005792226642370224,0.2768416702747345,-0.018241198733448986
65,-0.19551957,-0.45023268,-0.1373088,-0.09355632,-0.13025835,0.10687607,-0.116909206,0.2812648,0.020541836,0.10518702,0.27628207,-0.05722442,0.18995076,-0.07112231,0.123544976,0.17698579,-0.44183752,-0.07640464599999999,0.023936924,0.65767527,0.38105136,-0.1933518,0.5920514,0.2863301,-0.092430666,0.73204243,0.08669807,0.17297116,0.7045371,-0.043706607,0.35796425,0.51423,-0.112784885,0.51011026,0.6198074,0.03456018,0.05441089,0.77538896,0.037379064,0.123219274,0.9783697,0.10196247,0.1471037,0.85157806,0.18500224,0.17238282,0.8942379999999999,0.14790425,0.11467953,0.9048086999999999,0.17805561,0.16444848,0.9011096,0.046653725,0.03355343,0.9257312,0.11455206,-0.005861092358827591,0.2787734270095825,-0.01834129169583321
66,-0.21594699999999997,-0.44774342,-0.1337401,-0.10222351,-0.12457302,0.09908,-0.1154487,0.28765976,0.023142383,0.10492427,0.2775539,-0.056993622,0.17451066,-0.08158192,0.10517626,0.16536565,-0.45149269999999997,-0.09395473,0.028074482,0.65556604,0.36008759999999995,-0.18860114,0.5921388000000001,0.26776338,-0.082018115,0.74542165,0.08525365,0.17870574,0.7130398,-0.05144886,0.33153993,0.5020374,-0.13216487,0.4872776,0.600729,0.012124458999999999,0.06566566,0.78613913,0.035881462999999995,0.13897,0.9859698,0.11099891,0.16294684,0.85343033,0.18600360000000002,0.18801844,0.8983278,0.15109077,0.13065434,0.90745854,0.18257383,0.17882873,0.9114665999999999,0.050124727,0.04852149,0.9331176999999999,0.12143227,-0.005262214690446854,0.282606840133667,-0.016925619915127754
67,-0.22053023,-0.45644104,-0.1555385,-0.10702149999999999,-0.13062309,0.07429923,-0.11213446,0.28620905,0.029947385,0.103511356,0.27604303,-0.06008142,0.16459939,-0.09372704,0.0831818,0.15178917,-0.46508136,-0.11218381,0.10344659,0.65990806,0.38540483,-0.12860897,0.6183012,0.31634520000000005,-0.07062265,0.74706507,0.0991133,0.17406115,0.71715826,-0.059912585,0.34254137,0.51966685,-0.13356197,0.486314,0.60650545,0.030716034,0.06733889,0.7861978000000001,0.034837745,0.14793237,0.9829399999999999,0.10647487,0.17424497,0.8487665999999999,0.1771242,0.19778797,0.8937669,0.1414515,0.14286174,0.9032831,0.17680894,0.18201952,0.9090511999999998,0.041541606,0.057483524,0.9315232,0.12191667,-0.004311550408601761,0.2811260223388672,-0.015067016705870628
68,-0.22696832,-0.46490705,-0.12745050000000002,-0.10241399,-0.12802576,0.07627005,-0.10862622,0.2861626,0.036633335,0.10073910000000001,0.27641675,-0.06577846400000001,0.16552588,-0.09278502,0.069445774,0.15256979,-0.46475515,-0.119818114,0.0844992,0.6837156999999999,0.37354854,-0.14199483,0.61710405,0.31880108,-0.06260985,0.7440564000000001,0.10743987599999999,0.18039355,0.7174228,-0.055678315,0.36185938,0.53180677,-0.12310977,0.46744323,0.6348774,0.057398162999999995,0.07544054,0.7842220999999999,0.04024098,0.1604246,0.9817365,0.10175248,0.1996076,0.84851503,0.16796172,0.21670651,0.8938594999999999,0.12906298,0.16762283,0.9023167,0.17236553,0.18596327,0.90835464,0.03292239,0.074429624,0.92869437,0.13073346,-0.003943558782339096,0.2812896966934204,-0.014572564512491224
69,-0.24230538,-0.44978982,-0.11030083,-0.11950152,-0.1139981,0.09668397,-0.11327079,0.29638892,0.024856055,0.10486438,0.27736506,-0.05966808,0.16439573,-0.08350556,0.09482772,0.1427965,-0.449575,-0.105936006,-0.0077294484,0.6520284000000001,0.36931366,-0.21371695,0.5954125,0.25397792,-0.061424165999999995,0.74648815,0.099109784,0.20911345,0.7136446,-0.028199714,0.37484074,0.5152672,-0.11688944,0.49895647,0.58396775,0.07022967,0.09146008,0.7870852,0.055638492000000005,0.14672224,0.99584746,0.11288519,0.18602222,0.8766651,0.20393093,0.20586245,0.91999805,0.1631874,0.14744331,0.9258678,0.19386736,0.19671927,0.91909575,0.060684055,0.06301312,0.934042,0.13038777,-0.004203204065561295,0.28687697649002075,-0.01740601286292076
70,-0.24739896,-0.450496,-0.07187473,-0.120454274,-0.10633415,0.12191488,-0.11423130000000001,0.29960796,0.019585303999999998,0.106055096,0.27315384,-0.060310237,0.16180754,-0.06760665,0.13372932,0.14321494,-0.4482464,-0.040448885,-0.07859000599999999,0.6024187,0.30937222,-0.24840407,0.5733406,0.14026472,-0.05138684,0.7437274,0.08220644,0.22543949,0.69987905,-0.025685502000000002,0.35635015,0.48216248,-0.12702273,0.49478355,0.52260077,0.059102915,0.109076984,0.7792209,0.054839462,0.16520362,0.98469335,0.1156586,0.20845316,0.8645605,0.2039746,0.22669263,0.9084986999999999,0.16306554,0.16933246,0.9135744,0.1959909,0.21416865,0.9090229,0.06139782,0.08275377,0.92184895,0.13566466,-0.004088103771209717,0.2863808870315552,-0.02036246657371521
71,-0.25390565,-0.44862276,-0.07784559,-0.12600486,-0.10550489,0.11413729,-0.113764845,0.3001742,0.020951789,0.10635298,0.27269667,-0.059361000000000004,0.15659466,-0.078712575,0.11397416,0.13851646,-0.4538718,-0.06963791,-0.06812655,0.58976567,0.33052906,-0.24192297,0.57438743,0.16384256,-0.04579611,0.7414135000000001,0.09653926,0.22915560000000001,0.6991991,-0.0146228485,0.35895252,0.48559168,-0.12565263,0.5045781,0.5141592,0.05614351,0.11264872,0.77683973,0.06863416,0.15774009,0.9831653,0.13384494,0.19524879999999997,0.86452353,0.22705206,0.21641052,0.9093127000000001,0.18873337,0.15532461,0.9118544,0.21428657,0.21638897,0.9094276,0.085771285,0.07673189,0.91698706,0.14394836,-0.0037059336900711064,0.28643542528152466,-0.019204605370759964
72,-0.24655537,-0.43650585,-0.11631489999999998,-0.13128023,-0.104565054,0.09634357,-0.11444711,0.30257764,0.021220926,0.10665928,0.27737790000000007,-0.05687947,0.15630579,-0.07810494,0.10100648,0.14624679999999998,-0.43803954,-0.10700932,-0.09247422,0.56633735,0.3267361,-0.24424268,0.5629994,0.1415371,-0.04329336,0.7380549,0.117799535,0.23502932,0.70194286,0.009335473,0.36382620000000004,0.49830407,-0.12166753400000001,0.50085634,0.524303,0.06577905,0.117528565,0.7765218,0.09618071,0.16017513,0.9826273999999999,0.16969801,0.19645646,0.8612379000000001,0.2606315,0.21820667,0.9076622999999999,0.22426869,0.15623763,0.90857327,0.24796559,0.22151079999999998,0.91092384,0.12104546,0.079556204,0.9150845,0.17501816,-0.003893915563821793,0.2899777889251709,-0.01782927103340626
73,-0.24906518,-0.43748072,-0.11640254400000001,-0.13589674,-0.10330704,0.09413132,-0.11543365,0.30249017,0.018697422,0.10773084,0.27792877,-0.05306526599999999,0.15312856,-0.085991636,0.08783016,0.14877574,-0.44301759999999996,-0.12595682,-0.13520016,0.57079655,0.30337206,-0.25097615,0.5581411000000001,0.095838584,-0.051944017,0.737477,0.11100424,0.23214588,0.7006643,0.02030759,0.35260478,0.4842838,-0.09922725,0.49364433,0.53074723,0.079804145,0.10980673,0.7780583999999999,0.10035634,0.13739075,0.98829466,0.16628236,0.17251368,0.8745253000000001,0.2678322,0.19470839999999998,0.9202181999999999,0.23069021,0.13090391,0.91861236,0.24891584,0.20690003,0.9174855,0.12786245,0.06094812,0.9163734,0.16925004,-0.0038514025509357452,0.29020947217941284,-0.017183922231197357
74,-0.2509969,-0.4425111,-0.0920892,-0.13045065,-0.10305433,0.1057037,-0.11439091,0.29975203,0.021634607,0.10697378,0.27538340000000006,-0.05674531,0.15520425,-0.088502645,0.08264162,0.14595445,-0.4503922,-0.12340179,-0.12277238,0.57608503,0.32745159999999995,-0.25164926,0.5576605,0.12814727,-0.047703497000000004,0.73093945,0.12029007,0.23141977,0.6974603,0.018578574,0.35778785,0.49037382,-0.10892585,0.5010249,0.5334013000000001,0.06907331,0.111829236,0.7710146999999999,0.10280781,0.14123255,0.97922385,0.16654001,0.17927453,0.86643946,0.26775452,0.20042375,0.91169596,0.22980197,0.13725588,0.9103019,0.24992514,0.20938942,0.9082577,0.12684093,0.06520242,0.90758467,0.1726795,-0.0037085637450218205,0.28756773471832275,-0.017555352300405502
75,-0.24754173,-0.43833396,-0.091845736,-0.12940577,-0.10108779,0.10815219599999999,-0.11486395,0.29979079999999997,0.020358741,0.10689135,0.27625075,-0.05567746,0.15674104,-0.083868496,0.088505924,0.14722578,-0.44682252,-0.11270066,-0.10775430000000001,0.5895854,0.3294071,-0.25042295,0.55996144,0.14144632,-0.050765432,0.7340291999999999,0.116174124,0.22886246,0.70014536,0.01673017,0.35906154,0.49269903,-0.10453337,0.4996138,0.5394089,0.07392508,0.10884055,0.773933,0.09865505,0.1441056,0.98187274,0.16467793,0.18427052,0.86597276,0.26107827,0.20454764,0.9114026,0.2229174,0.14261603,0.9113494000000001,0.24657011,0.20758204,0.9100975,0.11981900000000001,0.066075325,0.9122751,0.1734912,-0.00398629903793335,0.2880207896232605,-0.01765935868024826
76,-0.25924903,-0.43463668,-0.14378588,-0.14914864,-0.10353249,0.0708136,-0.11537627,0.30228233,0.017946279,0.108246125,0.2799922,-0.047305368,0.14885998,-0.0950032,0.05982649,0.14735228,-0.4519848,-0.15197864,-0.13853529999999997,0.59820557,0.29987198,-0.26371425,0.568916,0.10055655,-0.061703025999999994,0.7443955,0.101992,0.22484386,0.709011,0.021149665,0.36312813,0.49749909999999997,-0.08606649999999999,0.49586472,0.5605142,0.092864774,0.10018379,0.78662956,0.09408098,0.13512436,0.9992734000000001,0.1555598,0.174288,0.88525254,0.25538823,0.194866,0.9297608,0.21577798,0.1328914,0.93081594,0.23949829999999997,0.19802955,0.9256059999999999,0.11258212,0.056000262,0.93040305,0.16573246,-0.003565073013305664,0.2911372780799866,-0.014679544605314732
77,-0.25803813,-0.4347149,-0.14944474,-0.1438387,-0.10490119,0.06286938,-0.114250876,0.30220878,0.022590157000000003,0.10698865,0.2817912,-0.049536496,0.14973484,-0.09613511,0.043384094000000005,0.14661764,-0.44938523,-0.17219546,-0.11741792,0.61345977,0.3105756,-0.25583082,0.56801915,0.12415555,-0.05963541,0.7471125,0.10402916,0.22585835,0.71379775,0.016495652,0.37365443,0.5061338,-0.084455654,0.50305796,0.57376933,0.09483609,0.101906784,0.7907713000000001,0.0903387,0.14180459,1.0045308000000002,0.14880843,0.1872951,0.8900653000000001,0.24549724,0.20520029999999997,0.9343165000000001,0.20422116,0.1453355,0.93611896,0.23289068,0.20004570000000002,0.9300976000000001,0.10104454,0.06256482,0.93654823,0.16527963,-0.0036311112344264975,0.2919999957084656,-0.01347316987812519
78,-0.25878912,-0.43274614,-0.1415918,-0.14262228,-0.10480225,0.071526416,-0.113992706,0.3006047,0.023174489,0.10652634,0.28120846,-0.051375434000000005,0.15611315,-0.09342444,0.049047478,0.14724264,-0.44278175,-0.17183161,-0.1243769,0.616881,0.3213558,-0.26643598,0.578328,0.13583791,-0.058271065,0.74427354,0.10590266,0.22648877,0.7095206999999999,0.0141252875,0.38701183,0.51269054,-0.09094187,0.5218612,0.5731909000000001,0.08782338,0.10339205,0.786194,0.088804424,0.14779529,0.99939245,0.14333017,0.19481738,0.88579124,0.23973866,0.21193075,0.92901874,0.19727151,0.1533146,0.93232965,0.22816198,0.20271605,0.9235040000000001,0.09470882,0.06803334,0.9332503000000001,0.16382283,-0.003733184188604355,0.2909065783023834,-0.014100472442805769
79,-0.25532573,-0.42264262,-0.1344504,-0.14281483,-0.10118184,0.08792416,-0.11521281,0.3004167,0.018897254,0.107742794,0.27882612,-0.050432662999999996,0.15404086,-0.08715451,0.07669323,0.13975973,-0.43177897,-0.14915472,-0.13504167,0.6224656999999999,0.3311933,-0.27541593,0.5881846,0.14362578,-0.055528167999999996,0.73908025,0.10982536,0.22991583,0.7034204000000001,0.02061307,0.40106615,0.5208867,-0.092808604,0.52716804,0.57547134,0.09410192,0.10634361,0.7785356999999999,0.094698995,0.15330929999999998,0.98974776,0.15156029999999998,0.19477347,0.8751179,0.24861938,0.21421017,0.9180190999999999,0.20706889999999997,0.15474659,0.92246526,0.23605412,0.20803486,0.9132103000000001,0.104470536,0.07170612,0.9254129000000001,0.16927102,-0.0037350095808506008,0.28962141275405884,-0.01576770469546318
80,-0.25559570000000004,-0.42466295,-0.13674009,-0.14490832,-0.10201287,0.086037986,-0.11550056,0.3001884,0.018208578,0.10836237,0.27814770000000005,-0.049836982,0.15224738,-0.08763355,0.08139497,0.1384568,-0.42830008,-0.15082222,-0.1182454,0.6389244000000001,0.34526777,-0.2719395,0.59551334,0.16933501,-0.05390191,0.7404381,0.10972907400000001,0.23084274,0.70455813,0.01835261,0.41204697,0.5286944,-0.088809,0.52379686,0.5803722,0.10857401,0.10753258,0.7788185999999999,0.09145559,0.16098252,0.988908,0.14812014,0.20177138,0.872132,0.24255875,0.22122686,0.91474533,0.20074111,0.1629664,0.9208459000000001,0.23182563,0.2113486,0.9112655999999999,0.098458625,0.0777678,0.9270801,0.16794603,-0.003569096326828003,0.2891680598258972,-0.015814201906323433
81,-0.25180697,-0.42746073,-0.1171284,-0.13935493,-0.10140342,0.09996807,-0.115960225,0.29696774,0.017744862,0.108410195,0.27604878,-0.050742075,0.15663819,-0.089002505,0.07994935,0.13676764,-0.4316127,-0.1500309,-0.17171144,0.61889267,0.32822937,-0.29093933,0.59496886,0.12501374,-0.058374237,0.73170877,0.10843403,0.22948639,0.6962037,0.031338755,0.41614579999999995,0.52503014,-0.0759505,0.5379885,0.5723411999999999,0.11692482,0.10400821,0.7692920999999999,0.100254945,0.15554239,0.97766525,0.15859179,0.19835424,0.8610329999999999,0.25190413,0.21697518,0.903767,0.21023792,0.15930688,0.9094707000000001,0.24228188,0.20534688,0.9007189,0.10867524,0.0732391,0.9155416999999999,0.17984906,-0.0037750154733657846,0.2865082621574402,-0.016498606652021408
82,-0.24980888,-0.43612915,-0.097211435,-0.13410296,-0.102195315,0.108234,-0.11554195,0.29576063,0.018803616999999998,0.10790744,0.27452126,-0.052326683,0.15672664,-0.09271567,0.07721415,0.13771865,-0.44154507,-0.14654776,-0.16721573,0.61006206,0.33251283,-0.29475635,0.6076765000000001,0.1314516,-0.056362077999999996,0.73338234,0.104972325,0.22893162,0.6936623000000001,0.021830328,0.41712397,0.524814,-0.08786139,0.5525919,0.5696230999999999,0.09778943,0.10607969,0.76755124,0.09289227,0.16407208,0.97356594,0.15095747,0.20971847,0.8548462,0.24001947,0.2267198,0.8975605,0.19782333,0.17136048,0.90422,0.23348013,0.2086944,0.89627075,0.09744431,0.08169034,0.9130896999999999,0.17665774,-0.003817256540060043,0.2851409316062927,-0.01676153391599655
83,-0.25503626,-0.43734127,-0.09974973,-0.1396078,-0.10101309,0.10354144,-0.115276806,0.29898587,0.017518122,0.10790181,0.27526809999999996,-0.050988857,0.15382929,-0.093038075,0.07866227,0.1347151,-0.44784700000000005,-0.13736539,-0.1528263,0.6115552,0.32148558,-0.29101676,0.6093755999999999,0.12688553,-0.056953027999999996,0.7413008000000001,0.09695902,0.22771113,0.6975828000000001,0.011515751999999999,0.3950474,0.5106107,-0.10409408,0.5393602,0.55045694,0.075309485,0.10582433,0.7746102,0.08488627,0.16346557,0.9803021000000001,0.15045135,0.19884934,0.8589153,0.24085331,0.22028543,0.90231216,0.20129164,0.16171971,0.9090642,0.23137310000000003,0.21238577,0.90326047,0.09923092,0.07816893,0.92034817,0.16636494,-0.003687497228384018,0.28712698817253113,-0.016735367476940155
84,-0.25221616,-0.43668208,-0.100029044,-0.13366704,-0.10390428,0.11031652,-0.11515113,0.2978648,0.017985102,0.107363865,0.27553803,-0.052895315,0.15774564,-0.09051791,0.088594,0.13382623,-0.44899923,-0.12377448,-0.14488041,0.621863,0.34136963,-0.29070318,0.6110289000000001,0.15035635,-0.062179208,0.74322486,0.08875969,0.22265631,0.69930685,-0.0022009835,0.39414040000000006,0.5076581,-0.10463412,0.540814,0.54741883,0.075114906,0.10018863,0.7779069000000001,0.07010593,0.15903799,0.98569834,0.12826717,0.1949622,0.8669559000000001,0.22148588,0.21603714,0.90903103,0.18025602,0.15795438,0.9170546999999999,0.21099673,0.20663099999999998,0.9069424999999999,0.07832722,0.073495425,0.9268040000000001,0.14704652,-0.0038936324417591095,0.28670141100883484,-0.01745510660111904
85,-0.25135604,-0.45702145,-0.061379768,-0.12060749,-0.10930039999999999,0.117445335,-0.11267722,0.292674,0.024240749,0.10499985,0.271167,-0.05953966,0.1665556,-0.092584684,0.08319706,0.14419064,-0.46518242,-0.10570871,-0.14252825,0.6144272,0.37672487,-0.28434740000000003,0.61306274,0.18110864,-0.060155883,0.7346467,0.091183655,0.21672985,0.6942309,-0.014762543000000001,0.39247754,0.5104923,-0.120976,0.55302835,0.5432639,0.048875377000000005,0.097915106,0.76871324,0.0630825,0.15475452,0.9737136000000001,0.12230077,0.19792637,0.85394156,0.20998682,0.21596847,0.8972428,0.16920371,0.1595713,0.90313035,0.20296353,0.20127119,0.8976318999999999,0.06835632,0.07241339999999999,0.91264004,0.14405467,-0.0038386844098567963,0.2819204926490784,-0.01764945685863495
86,-0.2620319,-0.45725924,-0.0636794,-0.12651779,-0.11004177,0.120108634,-0.11396781,0.2927004,0.020348417,0.10768305,0.26814723,-0.05625055,0.15631656,-0.09875394400000001,0.09139748,0.15022464,-0.47168466,-0.10560247,-0.10167595,0.63399833,0.34971172,-0.26895475,0.57928723,0.18484406,-0.05709129,0.7246798000000001,0.10096551,0.21904252,0.6879715000000001,-0.0060468530000000005,0.3698575,0.4908936,-0.12619348,0.5197125,0.52048796,0.052778643,0.10108963,0.7612999,0.07544307,0.15844236,0.96253353,0.14693388,0.19027592,0.8382851999999998,0.23310618,0.21332800000000002,0.88268924,0.19606844,0.15401769,0.8887666999999999,0.22451834,0.20839001,0.88768554,0.09420419,0.07365726,0.9027828000000001,0.15812567,-0.003142382949590683,0.2804238200187683,-0.017951067537069317
87,-0.24601288,-0.46388412,-0.10914077,-0.11545438,-0.12152806,0.08623832,-0.11259905,0.29089943,0.027225107000000002,0.105447926,0.2717613,-0.058457155,0.15702127,-0.101495914,0.06602493,0.14294444,-0.47962236,-0.11807094,-0.11219454599999999,0.634812,0.33819294,-0.26977575,0.5867880999999999,0.16483784,-0.05517826,0.7337956,0.098004475,0.21917722,0.6948377,-0.008970233000000001,0.38375908,0.5037994,-0.11793098,0.53315145,0.57885915,0.045636043,0.10274305,0.76933557,0.07108372,0.16008672,0.97385067,0.12854727,0.19925712,0.8558315000000001,0.22130781,0.21927968,0.8983585999999999,0.18024110000000002,0.16136105,0.9050809000000001,0.21140657,0.20897469,0.89648795,0.07852186,0.07719589,0.9132246999999999,0.14830126,-0.003575563430786133,0.2813303470611572,-0.015616023913025856
88,-0.21751244,-0.46249324,-0.16928788,-0.12419696,-0.12407056,0.048912127,-0.116317675,0.28872985,0.021567341,0.10823789,0.27686137,-0.046427984000000005,0.14492829,-0.11179108,0.03077454,0.14657998,-0.472121,-0.1840385,-0.14881784,0.6160536,0.34875736,-0.30113146,0.597582,0.16524231,-0.075256325,0.73554367,0.106275074,0.20923984,0.70223445,0.015801758,0.40740103,0.534212,-0.08157131,0.56044847,0.62780905,0.06950109,0.08583094,0.775261,0.087125786,0.14365855,0.9843321,0.13739859,0.19706681,0.86765385,0.22556996,0.21038058,0.9097040999999999,0.18125765,0.15790638,0.91672945,0.22101439999999997,0.18451983,0.9061126,0.08257909,0.063973755,0.92388856,0.17056268,-0.004039891064167023,0.28279560804367065,-0.012430321425199509
89,-0.22386582,-0.47533333,-0.22588572,-0.13139486,-0.13255696,-0.003967317,-0.11474016,0.2832592,0.027450725,0.10852093,0.2776294,-0.044336400000000005,0.14171535,-0.12482656,-0.034702376,0.13796549,-0.47397253,-0.2750362,-0.17915317,0.631637,0.33926138,-0.3258713,0.6050770000000001,0.15012057,-0.09528056,0.7390137,0.09946535,0.18557549,0.7227393,0.0135255335,0.3947909,0.5804436,-0.09954575,0.5380682,0.6771585,0.060003865999999996,0.060061112,0.7841311,0.085961126,0.103132784,0.99213076,0.15196006,0.14267512,0.8731882,0.24527934,0.16290098,0.9178177,0.20630126,0.102993876,0.9211110999999998,0.23420675,0.15832898,0.9177581,0.10362427,0.022046122999999997,0.92715967,0.16526577,-0.003109615296125412,0.28044432401657104,-0.008442837744951248
90,-0.22453871,-0.48579750000000005,-0.20602539,-0.11983519,-0.13861543,0.0009642992999999999,-0.11210930000000001,0.27517800000000003,0.03271243,0.10729564,0.27332540000000005,-0.046823245,0.12968738,-0.12993303,-0.06187457,0.12850678,-0.49030703,-0.28277457,-0.13506171,0.6852351999999999,0.3792124,-0.2937888,0.5880659,0.22854989999999997,-0.10254737,0.72625923,0.10475457,0.16856384,0.7222441999999999,0.004484674,0.38218045,0.5845536,-0.098421365,0.5125018,0.6961181,0.059206142999999996,0.044094127000000004,0.7777585,0.07842341,0.07253547,0.9884663,0.13232714,0.120156795,0.8782578999999999,0.23132835,0.13738638,0.9221283000000001,0.19057193,0.07739177,0.92236197,0.21809208,0.13292961,0.9163357,0.08832891,-0.0023745098,0.91910064,0.14924103,-0.002406831830739975,0.27425169944763184,-0.007055407389998436
91,-0.23039728,-0.47705024,-0.21887566,-0.11934732,-0.13560988,-0.007232095,-0.111618996,0.27632856,0.03483756,0.10636398,0.27922509999999995,-0.046690225999999994,0.13328815,-0.12306046,-0.07528034,0.1337158,-0.47701606,-0.30518466,-0.104952306,0.6910149999999999,0.3975126,-0.27039677,0.5784722,0.2644796,-0.11530383,0.73076683,0.11032897,0.15417734,0.73031294,-0.0055700764,0.35456923,0.568353,-0.105001666,0.49821824,0.68959594,0.03235726,0.029513385,0.78907585,0.07230903,0.05563436,1.0064950000000001,0.10918961,0.11065286,0.9047752,0.21405947,0.124653965,0.94571173,0.16874456,0.06620863,0.94738185,0.19964543,0.114621244,0.93141866,0.06738786,-0.017743441999999998,0.93751884,0.13558199999999998,-0.002627506852149964,0.277776837348938,-0.005926333367824554
92,-0.22320616,-0.4829959,-0.20505483,-0.116580926,-0.13676566,0.0011274549,-0.11309464,0.2762989,0.030555455,0.10737682,0.27703542,-0.043832023,0.13110657,-0.12634982,-0.06362451,0.12845731,-0.48790225,-0.2812005,-0.16610228,0.6591507,0.36777222,-0.31827992,0.5823132,0.19920495,-0.12303762,0.7302496,0.09198661,0.15311256,0.7329222,0.0021626735,0.36192778,0.58675873,-0.10130805,0.48678103,0.6864255,0.06752016,0.023887578,0.78696877,0.07164642,0.043185445999999995,1.0010777,0.119870566,0.08369545,0.8960319,0.22799299999999997,0.10364103,0.93890417,0.18709081,0.041138448,0.9384469999999999,0.20850219,0.1096326,0.92865133,0.08497296,-0.03143821,0.9300951,0.13221022,-0.0028589107096195217,0.2766671776771545,-0.006638283841311932
93,-0.22039387,-0.46754408,-0.25570425,-0.11963208,-0.13169482,-0.035424184,-0.112178266,0.27266538,0.03474035,0.1068454,0.28015044,-0.041787546,0.12143767,-0.11360735,-0.12319571,0.122431025,-0.45378548,-0.36816895,-0.14352694,0.7214187,0.35315475,-0.30230135,0.58791465,0.23978396,-0.13199916,0.7338697,0.10261848,0.13804373,0.74372494,0.0061170496,0.34283096,0.5968745,-0.10109897,0.45547953,0.7232335999999999,0.05328195,0.009378107,0.79493475,0.076602936,0.020909451000000003,1.0129788,0.11043787,0.05429056,0.9166436,0.22937633,0.07668589,0.95742303,0.18742126,0.012477108999999998,0.95646244,0.20329706,0.09203696,0.94035125,0.0866165,-0.052681066,0.9407063,0.121206954,-0.0026664324104785924,0.2764078974723816,-0.0035235974937677383
94,-0.23094201,-0.46547496,-0.27932492,-0.13218455,-0.1323505,-0.05317904,-0.11214281599999999,0.26674390000000003,0.03429799,0.10782201,0.27491720000000003,-0.039003912,0.124855146,-0.11605743,-0.1319631,0.13126358,-0.45370649999999996,-0.38112959999999996,-0.15024078,0.7231055999999999,0.34432733,-0.31694615,0.58642113,0.24685479999999999,-0.13488771,0.7175129,0.10854936,0.13129365,0.73928726,0.019722205,0.35836038,0.6359252,-0.09067810000000001,0.45812333,0.746258,0.08442057,0.0005859174,0.7800838999999999,0.087682985,-0.0064550630000000005,0.99366546,0.13351648,0.004888298,0.8911331,0.25063264,0.033376515,0.9365169,0.21894613,-0.032277115,0.92971087,0.2174774,0.074819796,0.92879915,0.124356315,-0.07229339,0.9165766,0.12140716,-0.0021604038774967194,0.27083054184913635,-0.0023529604077339172
95,-0.22580765,-0.45961773,-0.28953707,-0.13664176,-0.13094434,-0.053746432000000004,-0.11616477,0.26935180000000003,0.024107728,0.1095606,0.27347875,-0.030413257000000003,0.1333412,-0.12037357,-0.10518775,0.14729513,-0.4589255,-0.3523821,-0.18657458,0.69240147,0.33022815,-0.33288836,0.55970854,0.20078912,-0.13924098,0.7115741,0.10185367,0.13740471,0.7338791,0.04098959,0.37325105,0.6244529999999999,-0.044817275999999996,0.47573423,0.7316193,0.13184771,-0.0008235164,0.7754829000000001,0.09646565,-0.014265815,0.98804116,0.14251277,-0.02060346,0.8851440999999999,0.2595772,0.012096721999999999,0.9309146999999999,0.23314667,-0.052407112,0.9235379000000001,0.22114198,0.068291724,0.9239950000000001,0.14625335,-0.07648976,0.9104742,0.12006742,-0.003302086144685745,0.2714152932167053,-0.0031527644023299213
96,-0.21064234,-0.4612434,-0.3060613,-0.13185804,-0.12940322,-0.069955796,-0.11725131,0.26826948,0.021986485,0.110036485,0.27497977,-0.024721982000000003,0.12852308,-0.11624402,-0.11950786,0.14883122,-0.45569485,-0.3652351,-0.19929147,0.6852083000000001,0.28550133,-0.33102614,0.53761584,0.15983063,-0.15338314,0.717765,0.08597729,0.12199091,0.7407533000000001,0.030616752999999997,0.3358846,0.5929646,-0.05629096,0.43784845,0.7306384,0.09405741,-0.01648111,0.7848909000000001,0.085447274,-0.031828716,0.9986539000000001,0.14130746,-0.043657113,0.8876613999999999,0.2512532,-0.009676747,0.9350275,0.22928892,-0.073790275,0.9289181000000001,0.21422262,0.049810375999999996,0.933889,0.14425504,-0.093326904,0.9228453000000001,0.111145414,-0.0036074109375476846,0.2716246247291565,-0.0013677487149834633
97,-0.21968731,-0.46752018,-0.28261995,-0.13303305,-0.12983987,-0.057094112,-0.11568196,0.2695276,0.026944855,0.10923231,0.27713767,-0.030811235,0.12994131,-0.11545038,-0.119693786,0.14644110000000002,-0.45885992,-0.36137745,-0.18936925,0.6872852,0.31845072,-0.33039650000000004,0.54500484,0.1934785,-0.14669478,0.7159772,0.10027947,0.13060762,0.74082106,0.030769875,0.3618528,0.61736596,-0.056178503,0.46543097,0.7274913000000001,0.11905396,-0.0071805390000000005,0.78382635,0.09091593,-0.014778966000000001,0.9993279,0.14662874,-0.013481315,0.88972396,0.25820118,0.017907994,0.9364347,0.23126955,-0.047692362,0.9310055,0.224854,0.06592761,0.9334378000000001,0.13923813,-0.080959484,0.9242043,0.12504981,-0.003224827349185944,0.2733326554298401,-0.001933190040290356
98,-0.21501642,-0.46944606,-0.2791659,-0.13207018,-0.13213529,-0.051762715,-0.11444187,0.26745102,0.030959342,0.10845046,0.27753747,-0.035218413999999996,0.13082603,-0.11768374599999999,-0.11206134,0.14506444,-0.46185708,-0.35359797,-0.09659039999999999,0.6935685,0.35283616,-0.2876784,0.5686438,0.28076658,-0.14835145,0.7157818,0.11090381,0.11938354400000001,0.7429951,0.011167463999999998,0.34915490000000005,0.6159849000000001,-0.07545063,0.46052876,0.7099171,0.10640693,-0.014220691,0.7840686,0.082388595,-0.019286374,0.9992203000000002,0.14743516,0.007564410600000001,0.88391507,0.24935424,0.031654704,0.9327318000000001,0.21920851,-0.033677176,0.9257827,0.22652622,0.05853873,0.9361268,0.11935394,-0.087675475,0.9234257,0.1355392,-0.002995707094669342,0.27249425649642944,-0.002129536122083664
99,-0.21972337,-0.46458837,-0.23474336,-0.12171813,-0.14179105,0.013465108,-0.11610187,0.272785,0.0252559,0.10715763,0.28240448,-0.04497711,0.17505984,-0.1161615,0.0032742120000000003,0.15673764,-0.45724037,-0.24782252,-0.09601167599999999,0.70695907,0.3894085,-0.27990296,0.5804675,0.288906,-0.15223363,0.716246,0.0962215,0.12222892,0.7392348000000001,-0.006509266,0.35386276,0.6036056,-0.0765552,0.49094847,0.68231946,0.101432845,-0.014470213,0.7841887,0.06289349999999999,-0.013771931999999999,1.0003445,0.117958575,0.012027663999999999,0.89124894,0.2253406,0.036709286,0.93734014,0.1915865,-0.028621076000000002,0.93268895,0.20015237,0.06268245,0.9336027,0.091595985,-0.0849284,0.92554414,0.11118263,-0.004472117871046065,0.2775947451591492,-0.009860605001449585
100,-0.19436131,-0.46689418,-0.14978972,-0.10025436,-0.14589065,0.108643904,-0.11912058,0.26524198,0.017192516,0.106687605,0.27586597,-0.05697311,0.21594767,-0.06445494,0.13866048,0.17565553,-0.44484282,-0.050520144,-0.032398745,0.69593143,0.4880407,-0.21679771,0.61028475,0.33574373,-0.1454655,0.6989890999999999,0.09055439,0.11888085,0.717056,-0.030728675,0.36454985,0.60136354,-0.078746304,0.5144228,0.66213596,0.1059357,-0.013522123,0.7611183000000001,0.041840736,0.0023066364,0.9724966999999999,0.096752405,0.031568736,0.86011344,0.1960927,0.055633068,0.90480494,0.16132268,-0.008290153,0.90444565,0.17708783,0.069674745,0.9029052,0.060348,-0.07409412,0.90343547,0.09636326,-0.006216488778591156,0.2705539762973785,-0.019890297204256058
101,-0.17247847,-0.45283735,-0.1914742,-0.08259955,-0.15704195,0.09727647,-0.11576277,0.26351693,0.025404826000000002,0.10425698,0.27059227,-0.06706936,0.21634084,-0.039257847,0.17481908,0.10632525400000001,-0.42022404,0.025596615,0.020156732,0.7097332,0.5007173,-0.16561261,0.6250055999999999,0.34690988,-0.13451536,0.69356793,0.08558251,0.11643030000000001,0.70962715,-0.06134452,0.36697358,0.6019914000000001,-0.10386696,0.52023387,0.65946776,0.08181695,-0.010646395,0.7557702,0.018851865,0.009654336,0.9695110999999998,0.06346900000000001,0.05052855,0.85947657,0.1601505,0.07035513,0.90324354,0.121722795,0.009041651999999999,0.9036761000000001,0.14566599,0.07101098,0.8992245000000001,0.02044423,-0.06612441,0.90137076,0.07406749,-0.005752895027399063,0.2670546174049377,-0.02083226665854454
